time,car_ID,x_axis,y_axis,speed,direction,transmitter_SNR
0,v1,-1.5,1.5,20,0,40
0,v2,-4.5,4.5,0,0,20
0,v3,-7.5,7.5,0,0,20
0,v4,-1.5,1.5,0,0,40
0,v5,-4.5,4.5,0,0,30
0,v6,-7.5,7.5,0,0,20
0,v7,-1.5,1.5,0,0,20
0,v8,-4.5,4.5,0,0,20
0,v9,-7.5,7.5,0,0,40
0,v10,-1.5,1.5,0,0,20
0,v11,-4.5,4.5,0,0,40
0,v12,-7.5,7.5,0,0,40
0,v13,-1.5,1.5,0,0,40
0,v14,-4.5,4.5,0,0,20
0,v15,-7.5,7.5,0,0,40
0,v16,-1.5,1.5,0,0,30
0,v17,-4.5,4.5,0,0,20
0,v18,-7.5,7.5,0,0,20
0,v19,-1.5,1.5,0,0,20
0,v20,-4.5,4.5,0,0,20
1,v1,-21.5,1.5,50,0,40
1,v2,-4.5,4.5,50,0,20
1,v3,-7.5,7.5,0,0,20
1,v4,-1.5,1.5,0,0,40
1,v5,-4.5,4.5,0,0,30
1,v6,-7.5,7.5,0,0,20
1,v7,-1.5,1.5,0,0,20
1,v8,-4.5,4.5,0,0,20
1,v9,-7.5,7.5,0,0,40
1,v10,-1.5,1.5,0,0,20
1,v11,-4.5,4.5,0,0,40
1,v12,-7.5,7.5,0,0,40
1,v13,-1.5,1.5,0,0,40
1,v14,-4.5,4.5,0,0,20
1,v15,-7.5,7.5,0,0,40
1,v16,-1.5,1.5,0,0,30
1,v17,-4.5,4.5,0,0,20
1,v18,-7.5,7.5,0,0,20
1,v19,-1.5,1.5,0,0,20
1,v20,-4.5,4.5,0,0,20
2,v1,-71.5,1.5,10,0,40
2,v2,-54.5,4.5,50,0,20
2,v3,-7.5,7.5,20,0,20
2,v4,-1.5,1.5,0,0,40
2,v5,-4.5,4.5,0,0,30
2,v6,-7.5,7.5,0,0,20
2,v7,-1.5,1.5,0,0,20
2,v8,-4.5,4.5,0,0,20
2,v9,-7.5,7.5,0,0,40
2,v10,-1.5,1.5,0,0,20
2,v11,-4.5,4.5,0,0,40
2,v12,-7.5,7.5,0,0,40
2,v13,-1.5,1.5,0,0,40
2,v14,-4.5,4.5,0,0,20
2,v15,-7.5,7.5,0,0,40
2,v16,-1.5,1.5,0,0,30
2,v17,-4.5,4.5,0,0,20
2,v18,-7.5,7.5,0,0,20
2,v19,-1.5,1.5,0,0,20
2,v20,-4.5,4.5,0,0,20
3,v1,-81.5,1.5,50,0,40
3,v2,-104.5,4.5,40,0,20
3,v3,-27.5,7.5,20,0,20
3,v4,-1.5,1.5,40,0,40
3,v5,-4.5,4.5,0,0,30
3,v6,-7.5,7.5,0,0,20
3,v7,-1.5,1.5,0,0,20
3,v8,-4.5,4.5,0,0,20
3,v9,-7.5,7.5,0,0,40
3,v10,-1.5,1.5,0,0,20
3,v11,-4.5,4.5,0,0,40
3,v12,-7.5,7.5,0,0,40
3,v13,-1.5,1.5,0,0,40
3,v14,-4.5,4.5,0,0,20
3,v15,-7.5,7.5,0,0,40
3,v16,-1.5,1.5,0,0,30
3,v17,-4.5,4.5,0,0,20
3,v18,-7.5,7.5,0,0,20
3,v19,-1.5,1.5,0,0,20
3,v20,-4.5,4.5,0,0,20
4,v1,-131.5,1.5,50,0,40
4,v2,-144.5,4.5,30,0,20
4,v3,-47.5,7.5,10,0,20
4,v4,-41.5,1.5,20,0,40
4,v5,-4.5,4.5,40,0,30
4,v6,-7.5,7.5,0,0,20
4,v7,-1.5,1.5,0,0,20
4,v8,-4.5,4.5,0,0,20
4,v9,-7.5,7.5,0,0,40
4,v10,-1.5,1.5,0,0,20
4,v11,-4.5,4.5,0,0,40
4,v12,-7.5,7.5,0,0,40
4,v13,-1.5,1.5,0,0,40
4,v14,-4.5,4.5,0,0,20
4,v15,-7.5,7.5,0,0,40
4,v16,-1.5,1.5,0,0,30
4,v17,-4.5,4.5,0,0,20
4,v18,-7.5,7.5,0,0,20
4,v19,-1.5,1.5,0,0,20
4,v20,-4.5,4.5,0,0,20
5,v1,-181.5,1.5,30,0,40
5,v2,-174.5,4.5,30,0,20
5,v3,-57.5,7.5,20,0,20
5,v4,-61.5,1.5,20,0,40
5,v5,-44.5,4.5,30,0,30
5,v6,-7.5,7.5,10,0,20
5,v7,-1.5,1.5,0,0,20
5,v8,-4.5,4.5,0,0,20
5,v9,-7.5,7.5,0,0,40
5,v10,-1.5,1.5,0,0,20
5,v11,-4.5,4.5,0,0,40
5,v12,-7.5,7.5,0,0,40
5,v13,-1.5,1.5,0,0,40
5,v14,-4.5,4.5,0,0,20
5,v15,-7.5,7.5,0,0,40
5,v16,-1.5,1.5,0,0,30
5,v17,-4.5,4.5,0,0,20
5,v18,-7.5,7.5,0,0,20
5,v19,-1.5,1.5,0,0,20
5,v20,-4.5,4.5,0,0,20
6,v1,-211.5,1.5,10,0,40
6,v2,-204.5,4.5,40,0,20
6,v3,-77.5,7.5,10,0,20
6,v4,-81.5,1.5,30,0,40
6,v5,-74.5,4.5,30,0,30
6,v6,-17.5,7.5,50,0,20
6,v7,-1.5,1.5,30,0,20
6,v8,-4.5,4.5,0,0,20
6,v9,-7.5,7.5,0,0,40
6,v10,-1.5,1.5,0,0,20
6,v11,-4.5,4.5,0,0,40
6,v12,-7.5,7.5,0,0,40
6,v13,-1.5,1.5,0,0,40
6,v14,-4.5,4.5,0,0,20
6,v15,-7.5,7.5,0,0,40
6,v16,-1.5,1.5,0,0,30
6,v17,-4.5,4.5,0,0,20
6,v18,-7.5,7.5,0,0,20
6,v19,-1.5,1.5,0,0,20
6,v20,-4.5,4.5,0,0,20
7,v1,-221.5,1.5,10,0,40
7,v2,-244.5,4.5,40,0,20
7,v3,-87.5,7.5,50,0,20
7,v4,-111.5,1.5,10,0,40
7,v5,-104.5,4.5,40,0,30
7,v6,-67.5,7.5,10,0,20
7,v7,-31.5,1.5,50,0,20
7,v8,-4.5,4.5,30,0,20
7,v9,-7.5,7.5,0,0,40
7,v10,-1.5,1.5,0,0,20
7,v11,-4.5,4.5,0,0,40
7,v12,-7.5,7.5,0,0,40
7,v13,-1.5,1.5,0,0,40
7,v14,-4.5,4.5,0,0,20
7,v15,-7.5,7.5,0,0,40
7,v16,-1.5,1.5,0,0,30
7,v17,-4.5,4.5,0,0,20
7,v18,-7.5,7.5,0,0,20
7,v19,-1.5,1.5,0,0,20
7,v20,-4.5,4.5,0,0,20
8,v1,-231.5,1.5,50,0,40
8,v2,-284.5,4.5,30,0,20
8,v3,-137.5,7.5,50,0,20
8,v4,-121.5,1.5,20,0,40
8,v5,-144.5,4.5,10,0,30
8,v6,-77.5,7.5,10,0,20
8,v7,-81.5,1.5,20,0,20
8,v8,-34.5,4.5,30,0,20
8,v9,-7.5,7.5,10,0,40
8,v10,-1.5,1.5,0,0,20
8,v11,-4.5,4.5,0,0,40
8,v12,-7.5,7.5,0,0,40
8,v13,-1.5,1.5,0,0,40
8,v14,-4.5,4.5,0,0,20
8,v15,-7.5,7.5,0,0,40
8,v16,-1.5,1.5,0,0,30
8,v17,-4.5,4.5,0,0,20
8,v18,-7.5,7.5,0,0,20
8,v19,-1.5,1.5,0,0,20
8,v20,-4.5,4.5,0,0,20
9,v1,-281.5,1.5,20,0,40
9,v2,-314.5,4.5,10,0,20
9,v3,-187.5,7.5,40,0,20
9,v4,-141.5,1.5,30,0,40
9,v5,-154.5,4.5,40,0,30
9,v6,-87.5,7.5,30,0,20
9,v7,-101.5,1.5,20,0,20
9,v8,-64.5,4.5,30,0,20
9,v9,-17.5,7.5,30,0,40
9,v10,-1.5,1.5,20,0,20
9,v11,-4.5,4.5,0,0,40
9,v12,-7.5,7.5,0,0,40
9,v13,-1.5,1.5,0,0,40
9,v14,-4.5,4.5,0,0,20
9,v15,-7.5,7.5,0,0,40
9,v16,-1.5,1.5,0,0,30
9,v17,-4.5,4.5,0,0,20
9,v18,-7.5,7.5,0,0,20
9,v19,-1.5,1.5,0,0,20
9,v20,-4.5,4.5,0,0,20
10,v1,-301.5,1.5,30,0,40
10,v2,-324.5,4.5,10,0,20
10,v3,-227.5,7.5,50,0,20
10,v4,-171.5,1.5,20,0,40
10,v5,-194.5,4.5,50,0,30
10,v6,-117.5,7.5,20,0,20
10,v7,-121.5,1.5,20,0,20
10,v8,-94.5,4.5,40,0,20
10,v9,-47.5,7.5,40,0,40
10,v10,-21.5,1.5,30,0,20
10,v11,-4.5,4.5,50,0,40
10,v12,-7.5,7.5,0,0,40
10,v13,-1.5,1.5,0,0,40
10,v14,-4.5,4.5,0,0,20
10,v15,-7.5,7.5,0,0,40
10,v16,-1.5,1.5,0,0,30
10,v17,-4.5,4.5,0,0,20
10,v18,-7.5,7.5,0,0,20
10,v19,-1.5,1.5,0,0,20
10,v20,-4.5,4.5,0,0,20
11,v1,-331.5,1.5,20,0,40
11,v2,-334.5,4.5,30,0,20
11,v3,-277.5,7.5,10,0,20
11,v4,-191.5,1.5,20,0,40
11,v5,-244.5,4.5,10,0,30
11,v6,-137.5,7.5,30,0,20
11,v7,-141.5,1.5,40,0,20
11,v8,-134.5,4.5,30,0,20
11,v9,-87.5,7.5,10,0,40
11,v10,-51.5,1.5,20,0,20
11,v11,-54.5,4.5,50,0,40
11,v12,-7.5,7.5,30,0,40
11,v13,-1.5,1.5,0,0,40
11,v14,-4.5,4.5,0,0,20
11,v15,-7.5,7.5,0,0,40
11,v16,-1.5,1.5,0,0,30
11,v17,-4.5,4.5,0,0,20
11,v18,-7.5,7.5,0,0,20
11,v19,-1.5,1.5,0,0,20
11,v20,-4.5,4.5,0,0,20
12,v1,-351.5,1.5,20,0,40
12,v2,-364.5,4.5,40,0,20
12,v3,-287.5,7.5,40,0,20
12,v4,-211.5,1.5,40,0,40
12,v5,-254.5,4.5,20,0,30
12,v6,-167.5,7.5,30,0,20
12,v7,-181.5,1.5,20,0,20
12,v8,-164.5,4.5,20,0,20
12,v9,-97.5,7.5,50,0,40
12,v10,-71.5,1.5,50,0,20
12,v11,-104.5,4.5,30,0,40
12,v12,-37.5,7.5,50,0,40
12,v13,-1.5,1.5,40,0,40
12,v14,-4.5,4.5,0,0,20
12,v15,-7.5,7.5,0,0,40
12,v16,-1.5,1.5,0,0,30
12,v17,-4.5,4.5,0,0,20
12,v18,-7.5,7.5,0,0,20
12,v19,-1.5,1.5,0,0,20
12,v20,-4.5,4.5,0,0,20
13,v1,-371.5,1.5,50,0,40
13,v2,-404.5,4.5,40,0,20
13,v3,-327.5,7.5,30,0,20
13,v4,-251.5,1.5,20,0,40
13,v5,-274.5,4.5,20,0,30
13,v6,-197.5,7.5,50,0,20
13,v7,-201.5,1.5,40,0,20
13,v8,-184.5,4.5,10,0,20
13,v9,-147.5,7.5,10,0,40
13,v10,-121.5,1.5,10,0,20
13,v11,-134.5,4.5,20,0,40
13,v12,-87.5,7.5,20,0,40
13,v13,-41.5,1.5,40,0,40
13,v14,-4.5,4.5,50,0,20
13,v15,-7.5,7.5,0,0,40
13,v16,-1.5,1.5,0,0,30
13,v17,-4.5,4.5,0,0,20
13,v18,-7.5,7.5,0,0,20
13,v19,-1.5,1.5,0,0,20
13,v20,-4.5,4.5,0,0,20
14,v1,-421.5,1.5,10,0,40
14,v2,-444.5,4.5,40,0,20
14,v3,-357.5,7.5,40,0,20
14,v4,-271.5,1.5,50,0,40
14,v5,-294.5,4.5,40,0,30
14,v6,-247.5,7.5,50,0,20
14,v7,-241.5,1.5,30,0,20
14,v8,-194.5,4.5,50,0,20
14,v9,-157.5,7.5,10,0,40
14,v10,-131.5,1.5,10,0,20
14,v11,-154.5,4.5,50,0,40
14,v12,-107.5,7.5,30,0,40
14,v13,-81.5,1.5,30,0,40
14,v14,-54.5,4.5,10,0,20
14,v15,-7.5,7.5,30,0,40
14,v16,-1.5,1.5,0,0,30
14,v17,-4.5,4.5,0,0,20
14,v18,-7.5,7.5,0,0,20
14,v19,-1.5,1.5,0,0,20
14,v20,-4.5,4.5,0,0,20
15,v1,-431.5,1.5,40,0,40
15,v2,-484.5,4.5,20,0,20
15,v3,-397.5,7.5,40,0,20
15,v4,-321.5,1.5,10,0,40
15,v5,-334.5,4.5,30,0,30
15,v6,-297.5,7.5,50,0,20
15,v7,-271.5,1.5,20,0,20
15,v8,-244.5,4.5,50,0,20
15,v9,-167.5,7.5,10,0,40
15,v10,-141.5,1.5,30,0,20
15,v11,-204.5,4.5,50,0,40
15,v12,-137.5,7.5,50,0,40
15,v13,-111.5,1.5,20,0,40
15,v14,-64.5,4.5,20,0,20
15,v15,-37.5,7.5,30,0,40
15,v16,-1.5,1.5,20,0,30
15,v17,-4.5,4.5,0,0,20
15,v18,-7.5,7.5,0,0,20
15,v19,-1.5,1.5,0,0,20
15,v20,-4.5,4.5,0,0,20
16,v1,-471.5,1.5,50,0,40
16,v2,-504.5,4.5,50,0,20
16,v3,-437.5,7.5,10,0,20
16,v4,-331.5,1.5,50,0,40
16,v5,-364.5,4.5,30,0,30
16,v6,-347.5,7.5,40,0,20
16,v7,-291.5,1.5,10,0,20
16,v8,-294.5,4.5,10,0,20
16,v9,-177.5,7.5,30,0,40
16,v10,-171.5,1.5,30,0,20
16,v11,-254.5,4.5,20,0,40
16,v12,-187.5,7.5,10,0,40
16,v13,-131.5,1.5,20,0,40
16,v14,-84.5,4.5,50,0,20
16,v15,-67.5,7.5,10,0,40
16,v16,-21.5,1.5,10,0,30
16,v17,-4.5,4.5,40,0,20
16,v18,-7.5,7.5,0,0,20
16,v19,-1.5,1.5,0,0,20
16,v20,-4.5,4.5,0,0,20
17,v1,-521.5,1.5,10,0,40
17,v2,-554.5,4.5,50,0,20
17,v3,-447.5,7.5,20,0,20
17,v4,-381.5,1.5,20,0,40
17,v5,-394.5,4.5,40,0,30
17,v6,-387.5,7.5,50,0,20
17,v7,-301.5,1.5,20,0,20
17,v8,-304.5,4.5,30,0,20
17,v9,-207.5,7.5,50,0,40
17,v10,-201.5,1.5,50,0,20
17,v11,-274.5,4.5,40,0,40
17,v12,-197.5,7.5,20,0,40
17,v13,-151.5,1.5,50,0,40
17,v14,-134.5,4.5,20,0,20
17,v15,-77.5,7.5,30,0,40
17,v16,-31.5,1.5,40,0,30
17,v17,-44.5,4.5,30,0,20
17,v18,-7.5,7.5,40,0,20
17,v19,-1.5,1.5,0,0,20
17,v20,-4.5,4.5,0,0,20
18,v1,-531.5,1.5,50,0,40
18,v2,-604.5,4.5,40,0,20
18,v3,-467.5,7.5,10,0,20
18,v4,-401.5,1.5,20,0,40
18,v5,-434.5,4.5,20,0,30
18,v6,-437.5,7.5,10,0,20
18,v7,-321.5,1.5,30,0,20
18,v8,-334.5,4.5,10,0,20
18,v9,-257.5,7.5,50,0,40
18,v10,-251.5,1.5,50,0,20
18,v11,-314.5,4.5,20,0,40
18,v12,-217.5,7.5,50,0,40
18,v13,-201.5,1.5,20,0,40
18,v14,-154.5,4.5,10,0,20
18,v15,-107.5,7.5,10,0,40
18,v16,-71.5,1.5,10,0,30
18,v17,-74.5,4.5,20,0,20
18,v18,-47.5,7.5,10,0,20
18,v19,-1.5,1.5,10,0,20
18,v20,-4.5,4.5,0,0,20
19,v1,-581.5,1.5,30,0,40
19,v2,-644.5,4.5,10,0,20
19,v3,-477.5,7.5,50,0,20
19,v4,-421.5,1.5,20,0,40
19,v5,-454.5,4.5,30,0,30
19,v6,-447.5,7.5,40,0,20
19,v7,-351.5,1.5,20,0,20
19,v8,-344.5,4.5,50,0,20
19,v9,-307.5,7.5,20,0,40
19,v10,-301.5,1.5,50,0,20
19,v11,-334.5,4.5,50,0,40
19,v12,-267.5,7.5,40,0,40
19,v13,-221.5,1.5,20,0,40
19,v14,-164.5,4.5,40,0,20
19,v15,-117.5,7.5,40,0,40
19,v16,-81.5,1.5,20,0,30
19,v17,-94.5,4.5,10,0,20
19,v18,-57.5,7.5,10,0,20
19,v19,-11.5,1.5,40,0,20
19,v20,-4.5,4.5,30,0,20
20,v1,-611.5,1.5,40,0,40
20,v2,-654.5,4.5,40,0,20
20,v3,-527.5,7.5,40,0,20
20,v4,-441.5,1.5,10,0,40
20,v5,-484.5,4.5,10,0,30
20,v6,-487.5,7.5,10,0,20
20,v7,-371.5,1.5,40,0,20
20,v8,-394.5,4.5,30,0,20
20,v9,-327.5,7.5,10,0,40
20,v10,-351.5,1.5,20,0,20
20,v11,-384.5,4.5,20,0,40
20,v12,-307.5,7.5,20,0,40
20,v13,-241.5,1.5,50,0,40
20,v14,-204.5,4.5,40,0,20
20,v15,-157.5,7.5,20,0,40
20,v16,-101.5,1.5,40,0,30
20,v17,-104.5,4.5,20,0,20
20,v18,-67.5,7.5,30,0,20
20,v19,-51.5,1.5,40,0,20
20,v20,-34.5,4.5,20,0,20
21,v1,-651.5,1.5,10,0,40
21,v2,-694.5,4.5,40,0,20
21,v3,-567.5,7.5,50,0,20
21,v4,-451.5,1.5,10,0,40
21,v5,-494.5,4.5,10,0,30
21,v6,-497.5,7.5,50,0,20
21,v7,-411.5,1.5,10,0,20
21,v8,-424.5,4.5,10,0,20
21,v9,-337.5,7.5,20,0,40
21,v10,-371.5,1.5,20,0,20
21,v11,-404.5,4.5,40,0,40
21,v12,-327.5,7.5,40,0,40
21,v13,-291.5,1.5,40,0,40
21,v14,-244.5,4.5,20,0,20
21,v15,-177.5,7.5,40,0,40
21,v16,-141.5,1.5,10,0,30
21,v17,-124.5,4.5,20,0,20
21,v18,-97.5,7.5,40,0,20
21,v19,-91.5,1.5,10,0,20
21,v20,-54.5,4.5,40,0,20
22,v1,-661.5,1.5,30,0,40
22,v2,-734.5,4.5,40,0,20
22,v3,-617.5,7.5,30,0,20
22,v4,-461.5,1.5,40,0,40
22,v5,-504.5,4.5,50,0,30
22,v6,-547.5,7.5,40,0,20
22,v7,-421.5,1.5,20,0,20
22,v8,-434.5,4.5,20,0,20
22,v9,-357.5,7.5,30,0,40
22,v10,-391.5,1.5,20,0,20
22,v11,-444.5,4.5,10,0,40
22,v12,-367.5,7.5,50,0,40
22,v13,-331.5,1.5,50,0,40
22,v14,-264.5,4.5,10,0,20
22,v15,-217.5,7.5,30,0,40
22,v16,-151.5,1.5,10,0,30
22,v17,-144.5,4.5,10,0,20
22,v18,-137.5,7.5,50,0,20
22,v19,-101.5,1.5,40,0,20
22,v20,-94.5,4.5,50,0,20
23,v1,-691.5,1.5,50,0,40
23,v2,-774.5,4.5,20,0,20
23,v3,-647.5,7.5,10,0,20
23,v4,-501.5,1.5,50,0,40
23,v5,-554.5,4.5,10,0,30
23,v6,-587.5,7.5,20,0,20
23,v7,-441.5,1.5,10,0,20
23,v8,-454.5,4.5,50,0,20
23,v9,-387.5,7.5,10,0,40
23,v10,-411.5,1.5,20,0,20
23,v11,-454.5,4.5,40,0,40
23,v12,-417.5,7.5,10,0,40
23,v13,-381.5,1.5,50,0,40
23,v14,-274.5,4.5,20,0,20
23,v15,-247.5,7.5,50,0,40
23,v16,-161.5,1.5,50,0,30
23,v17,-154.5,4.5,10,0,20
23,v18,-187.5,7.5,50,0,20
23,v19,-141.5,1.5,10,0,20
23,v20,-144.5,4.5,40,0,20
24,v1,-741.5,1.5,50,0,40
24,v2,-794.5,4.5,50,0,20
24,v3,-657.5,7.5,50,0,20
24,v4,-551.5,1.5,30,0,40
24,v5,-564.5,4.5,30,0,30
24,v6,-607.5,7.5,20,0,20
24,v7,-451.5,1.5,30,0,20
24,v8,-504.5,4.5,20,0,20
24,v9,-397.5,7.5,30,0,40
24,v10,-431.5,1.5,40,0,20
24,v11,-494.5,4.5,20,0,40
24,v12,-427.5,7.5,30,0,40
24,v13,-431.5,1.5,40,0,40
24,v14,-294.5,4.5,30,0,20
24,v15,-297.5,7.5,10,0,40
24,v16,-211.5,1.5,10,0,30
24,v17,-164.5,4.5,40,0,20
24,v18,-237.5,7.5,50,0,20
24,v19,-151.5,1.5,50,0,20
24,v20,-184.5,4.5,10,0,20
25,v1,-791.5,1.5,10,0,40
25,v2,-844.5,4.5,50,0,20
25,v3,-707.5,7.5,20,0,20
25,v4,-581.5,1.5,50,0,40
25,v5,-594.5,4.5,30,0,30
25,v6,-627.5,7.5,20,0,20
25,v7,-481.5,1.5,30,0,20
25,v8,-524.5,4.5,10,0,20
25,v9,-427.5,7.5,20,0,40
25,v10,-471.5,1.5,30,0,20
25,v11,-514.5,4.5,30,0,40
25,v12,-457.5,7.5,20,0,40
25,v13,-471.5,1.5,40,0,40
25,v14,-324.5,4.5,50,0,20
25,v15,-307.5,7.5,30,0,40
25,v16,-221.5,1.5,50,0,30
25,v17,-204.5,4.5,50,0,20
25,v18,-287.5,7.5,10,0,20
25,v19,-201.5,1.5,50,0,20
25,v20,-194.5,4.5,30,0,20
26,v1,-801.5,1.5,10,0,40
26,v2,-894.5,4.5,20,0,20
26,v3,-727.5,7.5,30,0,20
26,v4,-631.5,1.5,10,0,40
26,v5,-624.5,4.5,10,0,30
26,v6,-647.5,7.5,50,0,20
26,v7,-511.5,1.5,20,0,20
26,v8,-534.5,4.5,30,0,20
26,v9,-447.5,7.5,30,0,40
26,v10,-501.5,1.5,50,0,20
26,v11,-544.5,4.5,20,0,40
26,v12,-477.5,7.5,30,0,40
26,v13,-511.5,1.5,20,0,40
26,v14,-374.5,4.5,30,0,20
26,v15,-337.5,7.5,50,0,40
26,v16,-271.5,1.5,40,0,30
26,v17,-254.5,4.5,30,0,20
26,v18,-297.5,7.5,10,0,20
26,v19,-251.5,1.5,10,0,20
26,v20,-224.5,4.5,40,0,20
27,v1,-811.5,1.5,30,0,40
27,v2,-914.5,4.5,10,0,20
27,v3,-757.5,7.5,10,0,20
27,v4,-641.5,1.5,30,0,40
27,v5,-634.5,4.5,20,0,30
27,v6,-697.5,7.5,30,0,20
27,v7,-531.5,1.5,20,0,20
27,v8,-564.5,4.5,40,0,20
27,v9,-477.5,7.5,50,0,40
27,v10,-551.5,1.5,40,0,20
27,v11,-564.5,4.5,50,0,40
27,v12,-507.5,7.5,10,0,40
27,v13,-531.5,1.5,10,0,40
27,v14,-404.5,4.5,10,0,20
27,v15,-387.5,7.5,20,0,40
27,v16,-311.5,1.5,50,0,30
27,v17,-284.5,4.5,10,0,20
27,v18,-307.5,7.5,30,0,20
27,v19,-261.5,1.5,50,0,20
27,v20,-264.5,4.5,50,0,20
28,v1,-841.5,1.5,20,0,40
28,v2,-924.5,4.5,40,0,20
28,v3,-767.5,7.5,20,0,20
28,v4,-671.5,1.5,10,0,40
28,v5,-654.5,4.5,30,0,30
28,v6,-727.5,7.5,30,0,20
28,v7,-551.5,1.5,10,0,20
28,v8,-604.5,4.5,30,0,20
28,v9,-527.5,7.5,20,0,40
28,v10,-591.5,1.5,20,0,20
28,v11,-614.5,4.5,10,0,40
28,v12,-517.5,7.5,30,0,40
28,v13,-541.5,1.5,50,0,40
28,v14,-414.5,4.5,40,0,20
28,v15,-407.5,7.5,50,0,40
28,v16,-361.5,1.5,20,0,30
28,v17,-294.5,4.5,20,0,20
28,v18,-337.5,7.5,20,0,20
28,v19,-311.5,1.5,20,0,20
28,v20,-314.5,4.5,40,0,20
29,v1,-861.5,1.5,10,0,40
29,v2,-964.5,4.5,20,0,20
29,v3,-787.5,7.5,30,0,20
29,v4,-681.5,1.5,40,0,40
29,v5,-684.5,4.5,20,0,30
29,v6,-757.5,7.5,30,0,20
29,v7,-561.5,1.5,20,0,20
29,v8,-634.5,4.5,10,0,20
29,v9,-547.5,7.5,40,0,40
29,v10,-611.5,1.5,10,0,20
29,v11,-624.5,4.5,40,0,40
29,v12,-547.5,7.5,20,0,40
29,v13,-591.5,1.5,20,0,40
29,v14,-454.5,4.5,40,0,20
29,v15,-457.5,7.5,30,0,40
29,v16,-381.5,1.5,30,0,30
29,v17,-314.5,4.5,20,0,20
29,v18,-357.5,7.5,20,0,20
29,v19,-331.5,1.5,10,0,20
29,v20,-354.5,4.5,20,0,20
30,v1,-871.5,1.5,40,0,40
30,v2,-984.5,4.5,30,0,20
30,v3,-817.5,7.5,30,0,20
30,v4,-721.5,1.5,10,0,40
30,v5,-704.5,4.5,30,0,30
30,v6,-787.5,7.5,30,0,20
30,v7,-581.5,1.5,50,0,20
30,v8,-644.5,4.5,40,0,20
30,v9,-587.5,7.5,50,0,40
30,v10,-621.5,1.5,30,0,20
30,v11,-664.5,4.5,10,0,40
30,v12,-567.5,7.5,10,0,40
30,v13,-611.5,1.5,30,0,40
30,v14,-494.5,4.5,20,0,20
30,v15,-487.5,7.5,50,0,40
30,v16,-411.5,1.5,30,0,30
30,v17,-334.5,4.5,10,0,20
30,v18,-377.5,7.5,10,0,20
30,v19,-341.5,1.5,50,0,20
30,v20,-374.5,4.5,40,0,20
31,v1,-911.5,1.5,30,0,40
31,v2,-995.5,23.5,30,1,20
31,v3,-847.5,7.5,40,0,20
31,v4,-731.5,1.5,50,0,40
31,v5,-734.5,4.5,50,0,30
31,v6,-817.5,7.5,10,0,20
31,v7,-631.5,1.5,40,0,20
31,v8,-684.5,4.5,50,0,20
31,v9,-637.5,7.5,20,0,40
31,v10,-651.5,1.5,30,0,20
31,v11,-674.5,4.5,10,0,40
31,v12,-577.5,7.5,40,0,40
31,v13,-641.5,1.5,10,0,40
31,v14,-514.5,4.5,50,0,20
31,v15,-537.5,7.5,50,0,40
31,v16,-441.5,1.5,20,0,30
31,v17,-344.5,4.5,30,0,20
31,v18,-387.5,7.5,40,0,20
31,v19,-391.5,1.5,10,0,20
31,v20,-414.5,4.5,30,0,20
32,v1,-941.5,1.5,50,0,40
32,v2,-995.5,53.5,30,1,20
32,v3,-887.5,7.5,10,0,20
32,v4,-781.5,1.5,30,0,40
32,v5,-784.5,4.5,50,0,30
32,v6,-827.5,7.5,30,0,20
32,v7,-671.5,1.5,40,0,20
32,v8,-734.5,4.5,30,0,20
32,v9,-657.5,7.5,40,0,40
32,v10,-681.5,1.5,30,0,20
32,v11,-684.5,4.5,50,0,40
32,v12,-617.5,7.5,20,0,40
32,v13,-651.5,1.5,20,0,40
32,v14,-564.5,4.5,40,0,20
32,v15,-587.5,7.5,40,0,40
32,v16,-461.5,1.5,20,0,30
32,v17,-374.5,4.5,50,0,20
32,v18,-427.5,7.5,50,0,20
32,v19,-401.5,1.5,30,0,20
32,v20,-444.5,4.5,40,0,20
33,v1,-991.5,1.5,50,0,40
33,v2,-995.5,83.5,10,1,20
33,v3,-897.5,7.5,30,0,20
33,v4,-811.5,1.5,30,0,40
33,v5,-834.5,4.5,20,0,30
33,v6,-857.5,7.5,40,0,20
33,v7,-711.5,1.5,50,0,20
33,v8,-764.5,4.5,50,0,20
33,v9,-697.5,7.5,30,0,40
33,v10,-711.5,1.5,40,0,20
33,v11,-734.5,4.5,40,0,40
33,v12,-637.5,7.5,40,0,40
33,v13,-671.5,1.5,20,0,40
33,v14,-604.5,4.5,50,0,20
33,v15,-627.5,7.5,40,0,40
33,v16,-481.5,1.5,20,0,30
33,v17,-424.5,4.5,10,0,20
33,v18,-477.5,7.5,30,0,20
33,v19,-431.5,1.5,50,0,20
33,v20,-484.5,4.5,50,0,20
34,v1,-998.5,44.5,30,1,40
34,v2,-995.5,93.5,10,1,20
34,v3,-927.5,7.5,20,0,20
34,v4,-841.5,1.5,30,0,40
34,v5,-854.5,4.5,20,0,30
34,v6,-897.5,7.5,20,0,20
34,v7,-761.5,1.5,20,0,20
34,v8,-814.5,4.5,10,0,20
34,v9,-727.5,7.5,10,0,40
34,v10,-751.5,1.5,20,0,20
34,v11,-774.5,4.5,40,0,40
34,v12,-677.5,7.5,50,0,40
34,v13,-691.5,1.5,10,0,40
34,v14,-654.5,4.5,40,0,20
34,v15,-667.5,7.5,40,0,40
34,v16,-501.5,1.5,50,0,30
34,v17,-434.5,4.5,20,0,20
34,v18,-507.5,7.5,40,0,20
34,v19,-481.5,1.5,40,0,20
34,v20,-534.5,4.5,40,0,20
35,v1,-998.5,74.5,20,1,40
35,v2,-995.5,103.5,20,1,20
35,v3,-947.5,7.5,10,0,20
35,v4,-871.5,1.5,10,0,40
35,v5,-874.5,4.5,40,0,30
35,v6,-917.5,7.5,20,0,20
35,v7,-781.5,1.5,20,0,20
35,v8,-824.5,4.5,50,0,20
35,v9,-737.5,7.5,40,0,40
35,v10,-771.5,1.5,10,0,20
35,v11,-814.5,4.5,50,0,40
35,v12,-727.5,7.5,20,0,40
35,v13,-701.5,1.5,10,0,40
35,v14,-694.5,4.5,40,0,20
35,v15,-707.5,7.5,20,0,40
35,v16,-551.5,1.5,40,0,30
35,v17,-454.5,4.5,50,0,20
35,v18,-547.5,7.5,50,0,20
35,v19,-521.5,1.5,50,0,20
35,v20,-574.5,4.5,30,0,20
36,v1,-998.5,94.5,40,1,40
36,v2,-995.5,123.5,50,1,20
36,v3,-957.5,7.5,50,0,20
36,v4,-881.5,1.5,40,0,40
36,v5,-914.5,4.5,50,0,30
36,v6,-937.5,7.5,40,0,20
36,v7,-801.5,1.5,20,0,20
36,v8,-874.5,4.5,40,0,20
36,v9,-777.5,7.5,40,0,40
36,v10,-781.5,1.5,30,0,20
36,v11,-864.5,4.5,20,0,40
36,v12,-747.5,7.5,30,0,40
36,v13,-711.5,1.5,50,0,40
36,v14,-734.5,4.5,40,0,20
36,v15,-727.5,7.5,20,0,40
36,v16,-591.5,1.5,30,0,30
36,v17,-504.5,4.5,40,0,20
36,v18,-597.5,7.5,10,0,20
36,v19,-571.5,1.5,30,0,20
36,v20,-604.5,4.5,20,0,20
37,v1,-998.5,134.5,30,1,40
37,v2,-995.5,173.5,30,1,20
37,v3,-992.5,22.5,30,1,20
37,v4,-921.5,1.5,50,0,40
37,v5,-964.5,4.5,10,0,30
37,v6,-977.5,7.5,20,0,20
37,v7,-821.5,1.5,20,0,20
37,v8,-914.5,4.5,20,0,20
37,v9,-817.5,7.5,40,0,40
37,v10,-811.5,1.5,20,0,20
37,v11,-884.5,4.5,20,0,40
37,v12,-777.5,7.5,10,0,40
37,v13,-761.5,1.5,40,0,40
37,v14,-774.5,4.5,40,0,20
37,v15,-747.5,7.5,30,0,40
37,v16,-621.5,1.5,50,0,30
37,v17,-544.5,4.5,40,0,20
37,v18,-607.5,7.5,40,0,20
37,v19,-601.5,1.5,10,0,20
37,v20,-624.5,4.5,20,0,20
38,v1,-998.5,164.5,40,1,40
38,v2,-995.5,203.5,40,1,20
38,v3,-992.5,52.5,50,1,20
38,v4,-971.5,1.5,10,0,40
38,v5,-974.5,4.5,50,0,30
38,v6,-992.5,12.5,40,1,20
38,v7,-841.5,1.5,40,0,20
38,v8,-934.5,4.5,10,0,20
38,v9,-857.5,7.5,30,0,40
38,v10,-831.5,1.5,30,0,20
38,v11,-904.5,4.5,40,0,40
38,v12,-787.5,7.5,40,0,40
38,v13,-801.5,1.5,50,0,40
38,v14,-814.5,4.5,50,0,20
38,v15,-777.5,7.5,50,0,40
38,v16,-671.5,1.5,20,0,30
38,v17,-584.5,4.5,40,0,20
38,v18,-647.5,7.5,20,0,20
38,v19,-611.5,1.5,30,0,20
38,v20,-644.5,4.5,40,0,20
39,v1,-998.5,204.5,40,1,40
39,v2,-995.5,243.5,10,1,20
39,v3,-992.5,102.5,40,1,20
39,v4,-981.5,1.5,30,0,40
39,v5,-995.5,33.5,40,1,30
39,v6,-992.5,52.5,20,1,20
39,v7,-881.5,1.5,40,0,20
39,v8,-944.5,4.5,20,0,20
39,v9,-887.5,7.5,50,0,40
39,v10,-861.5,1.5,50,0,20
39,v11,-944.5,4.5,10,0,40
39,v12,-827.5,7.5,40,0,40
39,v13,-851.5,1.5,50,0,40
39,v14,-864.5,4.5,50,0,20
39,v15,-827.5,7.5,10,0,40
39,v16,-691.5,1.5,10,0,30
39,v17,-624.5,4.5,40,0,20
39,v18,-667.5,7.5,20,0,20
39,v19,-641.5,1.5,40,0,20
39,v20,-684.5,4.5,20,0,20
40,v1,-998.5,244.5,10,1,40
40,v2,-995.5,253.5,30,1,20
40,v3,-992.5,142.5,40,1,20
40,v4,-998.5,14.5,30,1,40
40,v5,-995.5,73.5,20,1,30
40,v6,-992.5,72.5,40,1,20
40,v7,-921.5,1.5,30,0,20
40,v8,-964.5,4.5,30,0,20
40,v9,-937.5,7.5,40,0,40
40,v10,-911.5,1.5,30,0,20
40,v11,-954.5,4.5,40,0,40
40,v12,-867.5,7.5,30,0,40
40,v13,-901.5,1.5,10,0,40
40,v14,-914.5,4.5,40,0,20
40,v15,-837.5,7.5,10,0,40
40,v16,-701.5,1.5,50,0,30
40,v17,-664.5,4.5,10,0,20
40,v18,-687.5,7.5,30,0,20
40,v19,-681.5,1.5,20,0,20
40,v20,-704.5,4.5,10,0,20
41,v1,-998.5,254.5,10,1,40
41,v2,-995.5,283.5,10,1,20
41,v3,-992.5,182.5,20,1,20
41,v4,-998.5,44.5,20,1,40
41,v5,-995.5,93.5,10,1,30
41,v6,-992.5,112.5,50,1,20
41,v7,-951.5,1.5,20,0,20
41,v8,-994.5,4.5,20,0,20
41,v9,-977.5,7.5,20,0,40
41,v10,-941.5,1.5,40,0,20
41,v11,-994.5,4.5,10,0,40
41,v12,-897.5,7.5,50,0,40
41,v13,-911.5,1.5,20,0,40
41,v14,-954.5,4.5,40,0,20
41,v15,-847.5,7.5,30,0,40
41,v16,-751.5,1.5,30,0,30
41,v17,-674.5,4.5,20,0,20
41,v18,-717.5,7.5,50,0,20
41,v19,-701.5,1.5,50,0,20
41,v20,-714.5,4.5,10,0,20
42,v1,-998.5,264.5,20,1,40
42,v2,-995.5,293.5,30,1,20
42,v3,-992.5,202.5,10,1,20
42,v4,-998.5,64.5,50,1,40
42,v5,-995.5,103.5,10,1,30
42,v6,-992.5,162.5,30,1,20
42,v7,-971.5,1.5,50,0,20
42,v8,-995.5,23.5,40,1,20
42,v9,-992.5,12.5,40,1,40
42,v10,-981.5,1.5,20,0,20
42,v11,-995.5,13.5,10,1,40
42,v12,-947.5,7.5,50,0,40
42,v13,-931.5,1.5,20,0,40
42,v14,-994.5,4.5,10,0,20
42,v15,-877.5,7.5,30,0,40
42,v16,-781.5,1.5,50,0,30
42,v17,-694.5,4.5,10,0,20
42,v18,-767.5,7.5,50,0,20
42,v19,-751.5,1.5,10,0,20
42,v20,-724.5,4.5,30,0,20
43,v1,-998.5,284.5,50,1,40
43,v2,-995.5,323.5,40,1,20
43,v3,-992.5,212.5,30,1,20
43,v4,-998.5,114.5,10,1,40
43,v5,-995.5,113.5,50,1,30
43,v6,-992.5,192.5,30,1,20
43,v7,-998.5,24.5,10,1,20
43,v8,-995.5,63.5,40,1,20
43,v9,-992.5,52.5,40,1,40
43,v10,-998.5,4.5,10,1,20
43,v11,-995.5,23.5,40,1,40
43,v12,-992.5,12.5,30,1,40
43,v13,-951.5,1.5,40,0,40
43,v14,-995.5,13.5,20,1,20
43,v15,-907.5,7.5,40,0,40
43,v16,-831.5,1.5,20,0,30
43,v17,-704.5,4.5,50,0,20
43,v18,-817.5,7.5,30,0,20
43,v19,-761.5,1.5,50,0,20
43,v20,-754.5,4.5,50,0,20
44,v1,-998.5,334.5,40,1,40
44,v2,-995.5,363.5,40,1,20
44,v3,-992.5,242.5,40,1,20
44,v4,-998.5,124.5,50,1,40
44,v5,-995.5,163.5,30,1,30
44,v6,-992.5,222.5,30,1,20
44,v7,-998.5,34.5,20,1,20
44,v8,-995.5,103.5,10,1,20
44,v9,-992.5,92.5,30,1,40
44,v10,-998.5,14.5,40,1,20
44,v11,-995.5,63.5,20,1,40
44,v12,-992.5,42.5,40,1,40
44,v13,-991.5,1.5,50,0,40
44,v14,-995.5,33.5,50,1,20
44,v15,-947.5,7.5,40,0,40
44,v16,-851.5,1.5,30,0,30
44,v17,-754.5,4.5,10,0,20
44,v18,-847.5,7.5,40,0,20
44,v19,-811.5,1.5,30,0,20
44,v20,-804.5,4.5,20,0,20
45,v1,-998.5,374.5,40,1,40
45,v2,-995.5,403.5,20,1,20
45,v3,-992.5,282.5,30,1,20
45,v4,-998.5,174.5,30,1,40
45,v5,-995.5,193.5,30,1,30
45,v6,-992.5,252.5,30,1,20
45,v7,-998.5,54.5,50,1,20
45,v8,-995.5,113.5,30,1,20
45,v9,-992.5,122.5,50,1,40
45,v10,-998.5,54.5,10,1,20
45,v11,-995.5,83.5,50,1,40
45,v12,-992.5,82.5,20,1,40
45,v13,-998.5,44.5,10,1,40
45,v14,-995.5,83.5,20,1,20
45,v15,-987.5,7.5,40,0,40
45,v16,-881.5,1.5,40,0,30
45,v17,-764.5,4.5,50,0,20
45,v18,-887.5,7.5,20,0,20
45,v19,-841.5,1.5,40,0,20
45,v20,-824.5,4.5,40,0,20
46,v1,-998.5,414.5,40,1,40
46,v2,-995.5,423.5,10,1,20
46,v3,-992.5,312.5,10,1,20
46,v4,-998.5,204.5,30,1,40
46,v5,-995.5,223.5,20,1,30
46,v6,-992.5,282.5,40,1,20
46,v7,-998.5,104.5,20,1,20
46,v8,-995.5,143.5,30,1,20
46,v9,-992.5,172.5,50,1,40
46,v10,-998.5,64.5,30,1,20
46,v11,-995.5,133.5,40,1,40
46,v12,-992.5,102.5,50,1,40
46,v13,-998.5,54.5,50,1,40
46,v14,-995.5,103.5,30,1,20
46,v15,-992.5,42.5,40,1,40
46,v16,-921.5,1.5,50,0,30
46,v17,-814.5,4.5,30,0,20
46,v18,-907.5,7.5,30,0,20
46,v19,-881.5,1.5,40,0,20
46,v20,-864.5,4.5,30,0,20
47,v1,-998.5,454.5,30,1,40
47,v2,-995.5,433.5,30,1,20
47,v3,-992.5,322.5,20,1,20
47,v4,-998.5,234.5,10,1,40
47,v5,-995.5,243.5,20,1,30
47,v6,-992.5,322.5,30,1,20
47,v7,-998.5,124.5,10,1,20
47,v8,-995.5,173.5,50,1,20
47,v9,-992.5,222.5,20,1,40
47,v10,-998.5,94.5,20,1,20
47,v11,-995.5,173.5,20,1,40
47,v12,-992.5,152.5,40,1,40
47,v13,-998.5,104.5,30,1,40
47,v14,-995.5,133.5,50,1,20
47,v15,-992.5,82.5,50,1,40
47,v16,-971.5,1.5,50,0,30
47,v17,-844.5,4.5,30,0,20
47,v18,-937.5,7.5,10,0,20
47,v19,-921.5,1.5,20,0,20
47,v20,-894.5,4.5,30,0,20
48,v1,-998.5,484.5,20,1,40
48,v2,-995.5,463.5,30,1,20
48,v3,-992.5,342.5,20,1,20
48,v4,-998.5,244.5,30,1,40
48,v5,-995.5,263.5,10,1,30
48,v6,-992.5,352.5,50,1,20
48,v7,-998.5,134.5,20,1,20
48,v8,-995.5,223.5,30,1,20
48,v9,-992.5,242.5,10,1,40
48,v10,-998.5,114.5,10,1,20
48,v11,-995.5,193.5,50,1,40
48,v12,-992.5,192.5,30,1,40
48,v13,-998.5,134.5,20,1,40
48,v14,-995.5,183.5,40,1,20
48,v15,-992.5,132.5,10,1,40
48,v16,-998.5,24.5,10,1,30
48,v17,-874.5,4.5,50,0,20
48,v18,-947.5,7.5,30,0,20
48,v19,-941.5,1.5,40,0,20
48,v20,-924.5,4.5,40,0,20
49,v1,-998.5,504.5,40,1,40
49,v2,-995.5,493.5,30,1,20
49,v3,-992.5,362.5,20,1,20
49,v4,-998.5,274.5,10,1,40
49,v5,-995.5,273.5,30,1,30
49,v6,-992.5,402.5,40,1,20
49,v7,-998.5,154.5,10,1,20
49,v8,-995.5,253.5,10,1,20
49,v9,-992.5,252.5,40,1,40
49,v10,-998.5,124.5,40,1,20
49,v11,-995.5,243.5,10,1,40
49,v12,-992.5,222.5,50,1,40
49,v13,-998.5,154.5,10,1,40
49,v14,-995.5,223.5,20,1,20
49,v15,-992.5,142.5,20,1,40
49,v16,-998.5,34.5,50,1,30
49,v17,-924.5,4.5,30,0,20
49,v18,-977.5,7.5,10,0,20
49,v19,-981.5,1.5,20,0,20
49,v20,-964.5,4.5,10,0,20
50,v1,-998.5,544.5,50,1,40
50,v2,-995.5,523.5,40,1,20
50,v3,-992.5,382.5,50,1,20
50,v4,-998.5,284.5,50,1,40
50,v5,-995.5,303.5,50,1,30
50,v6,-992.5,442.5,20,1,20
50,v7,-998.5,164.5,50,1,20
50,v8,-995.5,263.5,40,1,20
50,v9,-992.5,292.5,40,1,40
50,v10,-998.5,164.5,40,1,20
50,v11,-995.5,253.5,30,1,40
50,v12,-992.5,272.5,50,1,40
50,v13,-998.5,164.5,40,1,40
50,v14,-995.5,243.5,30,1,20
50,v15,-992.5,162.5,50,1,40
50,v16,-998.5,84.5,50,1,30
50,v17,-954.5,4.5,10,0,20
50,v18,-987.5,7.5,50,0,20
50,v19,-998.5,4.5,10,1,20
50,v20,-974.5,4.5,20,0,20
51,v1,-998.5,594.5,20,1,40
51,v2,-995.5,563.5,30,1,20
51,v3,-992.5,432.5,10,1,20
51,v4,-998.5,334.5,20,1,40
51,v5,-995.5,353.5,20,1,30
51,v6,-992.5,462.5,20,1,20
51,v7,-998.5,214.5,50,1,20
51,v8,-995.5,303.5,10,1,20
51,v9,-992.5,332.5,20,1,40
51,v10,-998.5,204.5,10,1,20
51,v11,-995.5,283.5,40,1,40
51,v12,-992.5,322.5,40,1,40
51,v13,-998.5,204.5,50,1,40
51,v14,-995.5,273.5,40,1,20
51,v15,-992.5,212.5,30,1,40
51,v16,-998.5,134.5,10,1,30
51,v17,-964.5,4.5,20,0,20
51,v18,-992.5,52.5,30,1,20
51,v19,-998.5,14.5,30,1,20
51,v20,-994.5,4.5,40,0,20
52,v1,-998.5,614.5,10,1,40
52,v2,-995.5,593.5,20,1,20
52,v3,-992.5,442.5,30,1,20
52,v4,-998.5,354.5,50,1,40
52,v5,-995.5,373.5,20,1,30
52,v6,-992.5,482.5,40,1,20
52,v7,-998.5,264.5,10,1,20
52,v8,-995.5,313.5,50,1,20
52,v9,-992.5,352.5,20,1,40
52,v10,-998.5,214.5,20,1,20
52,v11,-995.5,323.5,30,1,40
52,v12,-992.5,362.5,20,1,40
52,v13,-998.5,254.5,10,1,40
52,v14,-995.5,313.5,10,1,20
52,v15,-992.5,242.5,20,1,40
52,v16,-998.5,144.5,30,1,30
52,v17,-984.5,4.5,50,0,20
52,v18,-992.5,82.5,50,1,20
52,v19,-998.5,44.5,30,1,20
52,v20,-995.5,43.5,40,1,20
53,v1,-998.5,624.5,10,1,40
53,v2,-995.5,613.5,40,1,20
53,v3,-992.5,472.5,30,1,20
53,v4,-998.5,404.5,40,1,40
53,v5,-995.5,393.5,30,1,30
53,v6,-992.5,522.5,50,1,20
53,v7,-998.5,274.5,50,1,20
53,v8,-995.5,363.5,40,1,20
53,v9,-992.5,372.5,40,1,40
53,v10,-998.5,234.5,10,1,20
53,v11,-995.5,353.5,50,1,40
53,v12,-992.5,382.5,10,1,40
53,v13,-998.5,264.5,40,1,40
53,v14,-995.5,323.5,30,1,20
53,v15,-992.5,262.5,50,1,40
53,v16,-998.5,174.5,30,1,30
53,v17,-995.5,43.5,10,1,20
53,v18,-992.5,132.5,10,1,20
53,v19,-998.5,74.5,20,1,20
53,v20,-995.5,83.5,50,1,20
54,v1,-998.5,634.5,50,1,40
54,v2,-995.5,653.5,10,1,20
54,v3,-992.5,502.5,30,1,20
54,v4,-998.5,444.5,50,1,40
54,v5,-995.5,423.5,10,1,30
54,v6,-992.5,572.5,20,1,20
54,v7,-998.5,324.5,40,1,20
54,v8,-995.5,403.5,50,1,20
54,v9,-992.5,412.5,40,1,40
54,v10,-998.5,244.5,30,1,20
54,v11,-995.5,403.5,20,1,40
54,v12,-992.5,392.5,50,1,40
54,v13,-998.5,304.5,40,1,40
54,v14,-995.5,353.5,40,1,20
54,v15,-992.5,312.5,10,1,40
54,v16,-998.5,204.5,40,1,30
54,v17,-995.5,53.5,30,1,20
54,v18,-992.5,142.5,40,1,20
54,v19,-998.5,94.5,30,1,20
54,v20,-995.5,133.5,30,1,20
55,v1,-998.5,684.5,10,1,40
55,v2,-995.5,663.5,20,1,20
55,v3,-992.5,532.5,30,1,20
55,v4,-998.5,494.5,40,1,40
55,v5,-995.5,433.5,40,1,30
55,v6,-992.5,592.5,30,1,20
55,v7,-998.5,364.5,40,1,20
55,v8,-995.5,453.5,50,1,20
55,v9,-992.5,452.5,10,1,40
55,v10,-998.5,274.5,40,1,20
55,v11,-995.5,423.5,10,1,40
55,v12,-992.5,442.5,30,1,40
55,v13,-998.5,344.5,30,1,40
55,v14,-995.5,393.5,30,1,20
55,v15,-992.5,322.5,10,1,40
55,v16,-998.5,244.5,40,1,30
55,v17,-995.5,83.5,50,1,20
55,v18,-992.5,182.5,10,1,20
55,v19,-998.5,124.5,50,1,20
55,v20,-995.5,163.5,40,1,20
56,v1,-998.5,694.5,40,1,40
56,v2,-995.5,683.5,10,1,20
56,v3,-992.5,562.5,20,1,20
56,v4,-998.5,534.5,50,1,40
56,v5,-995.5,473.5,30,1,30
56,v6,-992.5,622.5,50,1,20
56,v7,-998.5,404.5,40,1,20
56,v8,-995.5,503.5,40,1,20
56,v9,-992.5,462.5,10,1,40
56,v10,-998.5,314.5,20,1,20
56,v11,-995.5,433.5,30,1,40
56,v12,-992.5,472.5,50,1,40
56,v13,-998.5,374.5,20,1,40
56,v14,-995.5,423.5,30,1,20
56,v15,-992.5,332.5,40,1,40
56,v16,-998.5,284.5,40,1,30
56,v17,-995.5,133.5,10,1,20
56,v18,-992.5,192.5,10,1,20
56,v19,-998.5,174.5,50,1,20
56,v20,-995.5,203.5,20,1,20
57,v1,-998.5,734.5,20,1,40
57,v2,-995.5,693.5,30,1,20
57,v3,-992.5,582.5,50,1,20
57,v4,-998.5,584.5,10,1,40
57,v5,-995.5,503.5,50,1,30
57,v6,-992.5,672.5,40,1,20
57,v7,-998.5,444.5,10,1,20
57,v8,-995.5,543.5,20,1,20
57,v9,-992.5,472.5,10,1,40
57,v10,-998.5,334.5,40,1,20
57,v11,-995.5,463.5,10,1,40
57,v12,-992.5,522.5,20,1,40
57,v13,-998.5,394.5,40,1,40
57,v14,-995.5,453.5,30,1,20
57,v15,-992.5,372.5,50,1,40
57,v16,-998.5,324.5,30,1,30
57,v17,-995.5,143.5,40,1,20
57,v18,-992.5,202.5,40,1,20
57,v19,-998.5,224.5,40,1,20
57,v20,-995.5,223.5,20,1,20
58,v1,-998.5,754.5,40,1,40
58,v2,-995.5,723.5,50,1,20
58,v3,-992.5,632.5,20,1,20
58,v4,-998.5,594.5,40,1,40
58,v5,-995.5,553.5,20,1,30
58,v6,-992.5,712.5,50,1,20
58,v7,-998.5,454.5,50,1,20
58,v8,-995.5,563.5,20,1,20
58,v9,-992.5,482.5,10,1,40
58,v10,-998.5,374.5,30,1,20
58,v11,-995.5,473.5,40,1,40
58,v12,-992.5,542.5,30,1,40
58,v13,-998.5,434.5,50,1,40
58,v14,-995.5,483.5,30,1,20
58,v15,-992.5,422.5,10,1,40
58,v16,-998.5,354.5,30,1,30
58,v17,-995.5,183.5,30,1,20
58,v18,-992.5,242.5,50,1,20
58,v19,-998.5,264.5,50,1,20
58,v20,-995.5,243.5,40,1,20
59,v1,-998.5,794.5,20,1,40
59,v2,-995.5,773.5,40,1,20
59,v3,-992.5,652.5,50,1,20
59,v4,-998.5,634.5,40,1,40
59,v5,-995.5,573.5,30,1,30
59,v6,-992.5,762.5,30,1,20
59,v7,-998.5,504.5,50,1,20
59,v8,-995.5,583.5,50,1,20
59,v9,-992.5,492.5,40,1,40
59,v10,-998.5,404.5,40,1,20
59,v11,-995.5,513.5,30,1,40
59,v12,-992.5,572.5,20,1,40
59,v13,-998.5,484.5,20,1,40
59,v14,-995.5,513.5,50,1,20
59,v15,-992.5,432.5,40,1,40
59,v16,-998.5,384.5,20,1,30
59,v17,-995.5,213.5,40,1,20
59,v18,-992.5,292.5,10,1,20
59,v19,-998.5,314.5,30,1,20
59,v20,-995.5,283.5,40,1,20
60,v1,-998.5,814.5,40,1,40
60,v2,-995.5,813.5,40,1,20
60,v3,-992.5,702.5,20,1,20
60,v4,-998.5,674.5,40,1,40
60,v5,-995.5,603.5,10,1,30
60,v6,-992.5,792.5,20,1,20
60,v7,-998.5,554.5,50,1,20
60,v8,-995.5,633.5,50,1,20
60,v9,-992.5,532.5,30,1,40
60,v10,-998.5,444.5,10,1,20
60,v11,-995.5,543.5,40,1,40
60,v12,-992.5,592.5,10,1,40
60,v13,-998.5,504.5,50,1,40
60,v14,-995.5,563.5,40,1,20
60,v15,-992.5,472.5,10,1,40
60,v16,-998.5,404.5,20,1,30
60,v17,-995.5,253.5,40,1,20
60,v18,-992.5,302.5,20,1,20
60,v19,-998.5,344.5,10,1,20
60,v20,-995.5,323.5,40,1,20
61,v1,-998.5,854.5,30,1,40
61,v2,-995.5,853.5,30,1,20
61,v3,-992.5,722.5,50,1,20
61,v4,-998.5,714.5,40,1,40
61,v5,-995.5,613.5,10,1,30
61,v6,-992.5,812.5,30,1,20
61,v7,-998.5,604.5,50,1,20
61,v8,-995.5,683.5,40,1,20
61,v9,-992.5,562.5,30,1,40
61,v10,-998.5,454.5,40,1,20
61,v11,-995.5,583.5,50,1,40
61,v12,-992.5,602.5,10,1,40
61,v13,-998.5,554.5,50,1,40
61,v14,-995.5,603.5,10,1,20
61,v15,-992.5,482.5,20,1,40
61,v16,-998.5,424.5,30,1,30
61,v17,-995.5,293.5,20,1,20
61,v18,-992.5,322.5,10,1,20
61,v19,-998.5,354.5,40,1,20
61,v20,-995.5,363.5,10,1,20
62,v1,-998.5,884.5,10,1,40
62,v2,-995.5,883.5,40,1,20
62,v3,-992.5,772.5,20,1,20
62,v4,-998.5,754.5,30,1,40
62,v5,-995.5,623.5,10,1,30
62,v6,-992.5,842.5,10,1,20
62,v7,-998.5,654.5,30,1,20
62,v8,-995.5,723.5,10,1,20
62,v9,-992.5,592.5,30,1,40
62,v10,-998.5,494.5,30,1,20
62,v11,-995.5,633.5,30,1,40
62,v12,-992.5,612.5,40,1,40
62,v13,-998.5,604.5,20,1,40
62,v14,-995.5,613.5,20,1,20
62,v15,-992.5,502.5,50,1,40
62,v16,-998.5,454.5,40,1,30
62,v17,-995.5,313.5,50,1,20
62,v18,-992.5,332.5,20,1,20
62,v19,-998.5,394.5,20,1,20
62,v20,-995.5,373.5,20,1,20
63,v1,-998.5,894.5,10,1,40
63,v2,-995.5,923.5,50,1,20
63,v3,-992.5,792.5,40,1,20
63,v4,-998.5,784.5,50,1,40
63,v5,-995.5,633.5,20,1,30
63,v6,-992.5,852.5,40,1,20
63,v7,-998.5,684.5,50,1,20
63,v8,-995.5,733.5,20,1,20
63,v9,-992.5,622.5,20,1,40
63,v10,-998.5,524.5,40,1,20
63,v11,-995.5,663.5,30,1,40
63,v12,-992.5,652.5,40,1,40
63,v13,-998.5,624.5,30,1,40
63,v14,-995.5,633.5,10,1,20
63,v15,-992.5,552.5,40,1,40
63,v16,-998.5,494.5,30,1,30
63,v17,-995.5,363.5,50,1,20
63,v18,-992.5,352.5,20,1,20
63,v19,-998.5,414.5,10,1,20
63,v20,-995.5,393.5,40,1,20
64,v1,-998.5,904.5,30,1,40
64,v2,-995.5,973.5,50,1,20
64,v3,-992.5,832.5,30,1,20
64,v4,-998.5,834.5,40,1,40
64,v5,-995.5,653.5,30,1,30
64,v6,-992.5,892.5,40,1,20
64,v7,-998.5,734.5,30,1,20
64,v8,-995.5,753.5,20,1,20
64,v9,-992.5,642.5,40,1,40
64,v10,-998.5,564.5,40,1,20
64,v11,-995.5,693.5,10,1,40
64,v12,-992.5,692.5,20,1,40
64,v13,-998.5,654.5,40,1,40
64,v14,-995.5,643.5,50,1,20
64,v15,-992.5,592.5,30,1,40
64,v16,-998.5,524.5,50,1,30
64,v17,-995.5,413.5,30,1,20
64,v18,-992.5,372.5,30,1,20
64,v19,-998.5,424.5,10,1,20
64,v20,-995.5,433.5,40,1,20
65,v1,-998.5,934.5,30,1,40
65,v2,-967.5,995.5,10,2,20
65,v3,-992.5,862.5,50,1,20
65,v4,-998.5,874.5,10,1,40
65,v5,-995.5,683.5,50,1,30
65,v6,-992.5,932.5,40,1,20
65,v7,-998.5,764.5,30,1,20
65,v8,-995.5,773.5,20,1,20
65,v9,-992.5,682.5,50,1,40
65,v10,-998.5,604.5,30,1,20
65,v11,-995.5,703.5,20,1,40
65,v12,-992.5,712.5,20,1,40
65,v13,-998.5,694.5,50,1,40
65,v14,-995.5,693.5,30,1,20
65,v15,-992.5,622.5,20,1,40
65,v16,-998.5,574.5,10,1,30
65,v17,-995.5,443.5,10,1,20
65,v18,-992.5,402.5,30,1,20
65,v19,-998.5,434.5,40,1,20
65,v20,-995.5,473.5,10,1,20
66,v1,-998.5,964.5,50,1,40
66,v2,-957.5,995.5,30,2,20
66,v3,-992.5,912.5,20,1,20
66,v4,-998.5,884.5,10,1,40
66,v5,-995.5,733.5,30,1,30
66,v6,-992.5,972.5,30,1,20
66,v7,-998.5,794.5,40,1,20
66,v8,-995.5,793.5,20,1,20
66,v9,-992.5,732.5,20,1,40
66,v10,-998.5,634.5,20,1,20
66,v11,-995.5,723.5,50,1,40
66,v12,-992.5,732.5,30,1,40
66,v13,-998.5,744.5,50,1,40
66,v14,-995.5,723.5,50,1,20
66,v15,-992.5,642.5,30,1,40
66,v16,-998.5,584.5,20,1,30
66,v17,-995.5,453.5,30,1,20
66,v18,-992.5,432.5,40,1,20
66,v19,-998.5,474.5,30,1,20
66,v20,-995.5,483.5,30,1,20
67,v1,-982.5,998.5,10,2,40
67,v2,-927.5,995.5,40,2,20
67,v3,-992.5,932.5,10,1,20
67,v4,-998.5,894.5,20,1,40
67,v5,-995.5,763.5,20,1,30
67,v6,-982.5,992.5,40,2,20
67,v7,-998.5,834.5,50,1,20
67,v8,-995.5,813.5,30,1,20
67,v9,-992.5,752.5,10,1,40
67,v10,-998.5,654.5,40,1,20
67,v11,-995.5,773.5,10,1,40
67,v12,-992.5,762.5,30,1,40
67,v13,-998.5,794.5,50,1,40
67,v14,-995.5,773.5,10,1,20
67,v15,-992.5,672.5,40,1,40
67,v16,-998.5,604.5,30,1,30
67,v17,-995.5,483.5,30,1,20
67,v18,-992.5,472.5,50,1,20
67,v19,-998.5,504.5,40,1,20
67,v20,-995.5,513.5,30,1,20
68,v1,-972.5,998.5,10,2,40
68,v2,-887.5,995.5,20,2,20
68,v3,-992.5,942.5,40,1,20
68,v4,-998.5,914.5,10,1,40
68,v5,-995.5,783.5,50,1,30
68,v6,-942.5,992.5,50,2,20
68,v7,-998.5,884.5,30,1,20
68,v8,-995.5,843.5,50,1,20
68,v9,-992.5,762.5,20,1,40
68,v10,-998.5,694.5,10,1,20
68,v11,-995.5,783.5,40,1,40
68,v12,-992.5,792.5,30,1,40
68,v13,-998.5,844.5,40,1,40
68,v14,-995.5,783.5,10,1,20
68,v15,-992.5,712.5,20,1,40
68,v16,-998.5,634.5,10,1,30
68,v17,-995.5,513.5,10,1,20
68,v18,-992.5,522.5,30,1,20
68,v19,-998.5,544.5,40,1,20
68,v20,-995.5,543.5,10,1,20
69,v1,-962.5,998.5,10,2,40
69,v2,-867.5,995.5,20,2,20
69,v3,-992.5,982.5,50,1,20
69,v4,-998.5,924.5,20,1,40
69,v5,-995.5,833.5,40,1,30
69,v6,-892.5,992.5,40,2,20
69,v7,-998.5,914.5,30,1,20
69,v8,-995.5,893.5,50,1,20
69,v9,-992.5,782.5,40,1,40
69,v10,-998.5,704.5,50,1,20
69,v11,-995.5,823.5,20,1,40
69,v12,-992.5,822.5,40,1,40
69,v13,-998.5,884.5,10,1,40
69,v14,-995.5,793.5,40,1,20
69,v15,-992.5,732.5,50,1,40
69,v16,-998.5,644.5,40,1,30
69,v17,-995.5,523.5,30,1,20
69,v18,-992.5,552.5,10,1,20
69,v19,-998.5,584.5,30,1,20
69,v20,-995.5,553.5,20,1,20
70,v1,-952.5,998.5,40,2,40
70,v2,-847.5,995.5,40,2,20
70,v3,-952.5,992.5,20,2,20
70,v4,-998.5,944.5,30,1,40
70,v5,-995.5,873.5,10,1,30
70,v6,-852.5,992.5,30,2,20
70,v7,-998.5,944.5,50,1,20
70,v8,-995.5,943.5,30,1,20
70,v9,-992.5,822.5,10,1,40
70,v10,-998.5,754.5,40,1,20
70,v11,-995.5,843.5,30,1,40
70,v12,-992.5,862.5,20,1,40
70,v13,-998.5,894.5,10,1,40
70,v14,-995.5,833.5,40,1,20
70,v15,-992.5,782.5,10,1,40
70,v16,-998.5,684.5,20,1,30
70,v17,-995.5,553.5,50,1,20
70,v18,-992.5,562.5,10,1,20
70,v19,-998.5,614.5,10,1,20
70,v20,-995.5,573.5,30,1,20
71,v1,-912.5,998.5,20,2,40
71,v2,-807.5,995.5,20,2,20
71,v3,-932.5,992.5,50,2,20
71,v4,-998.5,974.5,20,1,40
71,v5,-995.5,883.5,10,1,30
71,v6,-822.5,992.5,50,2,20
71,v7,-998.5,994.5,20,1,20
71,v8,-995.5,973.5,50,1,20
71,v9,-992.5,832.5,20,1,40
71,v10,-998.5,794.5,20,1,20
71,v11,-995.5,873.5,30,1,40
71,v12,-992.5,882.5,20,1,40
71,v13,-998.5,904.5,50,1,40
71,v14,-995.5,873.5,10,1,20
71,v15,-992.5,792.5,30,1,40
71,v16,-998.5,704.5,20,1,30
71,v17,-995.5,603.5,20,1,20
71,v18,-992.5,572.5,50,1,20
71,v19,-998.5,624.5,30,1,20
71,v20,-995.5,603.5,20,1,20
72,v1,-892.5,998.5,10,2,40
72,v2,-787.5,995.5,10,2,20
72,v3,-882.5,992.5,20,2,20
72,v4,-998.5,994.5,10,1,40
72,v5,-995.5,893.5,30,1,30
72,v6,-772.5,992.5,20,2,20
72,v7,-982.5,998.5,50,2,20
72,v8,-967.5,995.5,30,2,20
72,v9,-992.5,852.5,10,1,40
72,v10,-998.5,814.5,20,1,20
72,v11,-995.5,903.5,30,1,40
72,v12,-992.5,902.5,10,1,40
72,v13,-998.5,954.5,20,1,40
72,v14,-995.5,883.5,40,1,20
72,v15,-992.5,822.5,50,1,40
72,v16,-998.5,724.5,10,1,30
72,v17,-995.5,623.5,10,1,20
72,v18,-992.5,622.5,40,1,20
72,v19,-998.5,654.5,40,1,20
72,v20,-995.5,623.5,30,1,20
73,v1,-882.5,998.5,50,2,40
73,v2,-777.5,995.5,50,2,20
73,v3,-862.5,992.5,10,2,20
73,v4,-992.5,998.5,40,2,40
73,v5,-995.5,923.5,50,1,30
73,v6,-752.5,992.5,20,2,20
73,v7,-932.5,998.5,50,2,20
73,v8,-937.5,995.5,10,2,20
73,v9,-992.5,862.5,50,1,40
73,v10,-998.5,834.5,30,1,20
73,v11,-995.5,933.5,40,1,40
73,v12,-992.5,912.5,10,1,40
73,v13,-998.5,974.5,10,1,40
73,v14,-995.5,923.5,40,1,20
73,v15,-992.5,872.5,40,1,40
73,v16,-998.5,734.5,40,1,30
73,v17,-995.5,633.5,10,1,20
73,v18,-992.5,662.5,40,1,20
73,v19,-998.5,694.5,40,1,20
73,v20,-995.5,653.5,10,1,20
74,v1,-832.5,998.5,10,2,40
74,v2,-727.5,995.5,30,2,20
74,v3,-852.5,992.5,50,2,20
74,v4,-952.5,998.5,20,2,40
74,v5,-995.5,973.5,10,1,30
74,v6,-732.5,992.5,20,2,20
74,v7,-882.5,998.5,30,2,20
74,v8,-927.5,995.5,50,2,20
74,v9,-992.5,912.5,50,1,40
74,v10,-998.5,864.5,50,1,20
74,v11,-995.5,973.5,30,1,40
74,v12,-992.5,922.5,40,1,40
74,v13,-998.5,984.5,50,1,40
74,v14,-995.5,963.5,50,1,20
74,v15,-992.5,912.5,30,1,40
74,v16,-998.5,774.5,40,1,30
74,v17,-995.5,643.5,50,1,20
74,v18,-992.5,702.5,50,1,20
74,v19,-998.5,734.5,40,1,20
74,v20,-995.5,663.5,10,1,20
75,v1,-822.5,998.5,10,2,40
75,v2,-697.5,995.5,50,2,20
75,v3,-802.5,992.5,20,2,20
75,v4,-932.5,998.5,40,2,40
75,v5,-995.5,983.5,40,1,30
75,v6,-712.5,992.5,20,2,20
75,v7,-852.5,998.5,40,2,20
75,v8,-877.5,995.5,30,2,20
75,v9,-992.5,962.5,40,1,40
75,v10,-998.5,914.5,40,1,20
75,v11,-987.5,995.5,40,2,40
75,v12,-992.5,962.5,10,1,40
75,v13,-962.5,998.5,30,2,40
75,v14,-977.5,995.5,40,2,20
75,v15,-992.5,942.5,30,1,40
75,v16,-998.5,814.5,30,1,30
75,v17,-995.5,693.5,30,1,20
75,v18,-992.5,752.5,20,1,20
75,v19,-998.5,774.5,40,1,20
75,v20,-995.5,673.5,10,1,20
76,v1,-812.5,998.5,10,2,40
76,v2,-647.5,995.5,10,2,20
76,v3,-782.5,992.5,10,2,20
76,v4,-892.5,998.5,40,2,40
76,v5,-967.5,995.5,10,2,30
76,v6,-692.5,992.5,30,2,20
76,v7,-812.5,998.5,20,2,20
76,v8,-847.5,995.5,50,2,20
76,v9,-982.5,992.5,10,2,40
76,v10,-998.5,954.5,50,1,20
76,v11,-947.5,995.5,50,2,40
76,v12,-992.5,972.5,50,1,40
76,v13,-932.5,998.5,30,2,40
76,v14,-937.5,995.5,10,2,20
76,v15,-992.5,972.5,40,1,40
76,v16,-998.5,844.5,30,1,30
76,v17,-995.5,723.5,40,1,20
76,v18,-992.5,772.5,10,1,20
76,v19,-998.5,814.5,30,1,20
76,v20,-995.5,683.5,50,1,20
77,v1,-802.5,998.5,30,2,40
77,v2,-637.5,995.5,30,2,20
77,v3,-772.5,992.5,10,2,20
77,v4,-852.5,998.5,50,2,40
77,v5,-957.5,995.5,50,2,30
77,v6,-662.5,992.5,20,2,20
77,v7,-792.5,998.5,20,2,20
77,v8,-797.5,995.5,40,2,20
77,v9,-972.5,992.5,20,2,40
77,v10,-992.5,998.5,10,2,20
77,v11,-897.5,995.5,30,2,40
77,v12,-962.5,992.5,50,2,40
77,v13,-902.5,998.5,30,2,40
77,v14,-927.5,995.5,10,2,20
77,v15,-972.5,992.5,30,2,40
77,v16,-998.5,874.5,50,1,30
77,v17,-995.5,763.5,20,1,20
77,v18,-992.5,782.5,40,1,20
77,v19,-998.5,844.5,50,1,20
77,v20,-995.5,733.5,50,1,20
78,v1,-772.5,998.5,50,2,40
78,v2,-607.5,995.5,50,2,20
78,v3,-762.5,992.5,10,2,20
78,v4,-802.5,998.5,50,2,40
78,v5,-907.5,995.5,30,2,30
78,v6,-642.5,992.5,10,2,20
78,v7,-772.5,998.5,20,2,20
78,v8,-757.5,995.5,30,2,20
78,v9,-952.5,992.5,30,2,40
78,v10,-982.5,998.5,30,2,20
78,v11,-867.5,995.5,30,2,40
78,v12,-912.5,992.5,10,2,40
78,v13,-872.5,998.5,20,2,40
78,v14,-917.5,995.5,20,2,20
78,v15,-942.5,992.5,50,2,40
78,v16,-998.5,924.5,40,1,30
78,v17,-995.5,783.5,10,1,20
78,v18,-992.5,822.5,20,1,20
78,v19,-998.5,894.5,10,1,20
78,v20,-995.5,783.5,10,1,20
79,v1,-722.5,998.5,50,2,40
79,v2,-557.5,995.5,20,2,20
79,v3,-752.5,992.5,40,2,20
79,v4,-752.5,998.5,40,2,40
79,v5,-877.5,995.5,40,2,30
79,v6,-632.5,992.5,30,2,20
79,v7,-752.5,998.5,20,2,20
79,v8,-727.5,995.5,30,2,20
79,v9,-922.5,992.5,30,2,40
79,v10,-952.5,998.5,30,2,20
79,v11,-837.5,995.5,50,2,40
79,v12,-902.5,992.5,50,2,40
79,v13,-852.5,998.5,10,2,40
79,v14,-897.5,995.5,10,2,20
79,v15,-892.5,992.5,20,2,40
79,v16,-998.5,964.5,20,1,30
79,v17,-995.5,793.5,50,1,20
79,v18,-992.5,842.5,10,1,20
79,v19,-998.5,904.5,10,1,20
79,v20,-995.5,793.5,30,1,20
80,v1,-672.5,998.5,40,2,40
80,v2,-537.5,995.5,40,2,20
80,v3,-712.5,992.5,40,2,20
80,v4,-712.5,998.5,50,2,40
80,v5,-837.5,995.5,40,2,30
80,v6,-602.5,992.5,40,2,20
80,v7,-732.5,998.5,30,2,20
80,v8,-697.5,995.5,20,2,20
80,v9,-892.5,992.5,50,2,40
80,v10,-922.5,998.5,10,2,20
80,v11,-787.5,995.5,30,2,40
80,v12,-852.5,992.5,40,2,40
80,v13,-842.5,998.5,10,2,40
80,v14,-887.5,995.5,30,2,20
80,v15,-872.5,992.5,50,2,40
80,v16,-998.5,984.5,40,1,30
80,v17,-995.5,843.5,50,1,20
80,v18,-992.5,852.5,30,1,20
80,v19,-998.5,914.5,10,1,20
80,v20,-995.5,823.5,20,1,20
81,v1,-632.5,998.5,40,2,40
81,v2,-497.5,995.5,50,2,20
81,v3,-672.5,992.5,10,2,20
81,v4,-662.5,998.5,10,2,40
81,v5,-797.5,995.5,20,2,30
81,v6,-562.5,992.5,30,2,20
81,v7,-702.5,998.5,20,2,20
81,v8,-677.5,995.5,20,2,20
81,v9,-842.5,992.5,30,2,40
81,v10,-912.5,998.5,30,2,20
81,v11,-757.5,995.5,30,2,40
81,v12,-812.5,992.5,10,2,40
81,v13,-832.5,998.5,10,2,40
81,v14,-857.5,995.5,40,2,20
81,v15,-822.5,992.5,40,2,40
81,v16,-972.5,998.5,20,2,30
81,v17,-995.5,893.5,20,1,20
81,v18,-992.5,882.5,40,1,20
81,v19,-998.5,924.5,50,1,20
81,v20,-995.5,843.5,20,1,20
82,v1,-592.5,998.5,50,2,40
82,v2,-447.5,995.5,50,2,20
82,v3,-662.5,992.5,30,2,20
82,v4,-652.5,998.5,10,2,40
82,v5,-777.5,995.5,40,2,30
82,v6,-532.5,992.5,10,2,20
82,v7,-682.5,998.5,40,2,20
82,v8,-657.5,995.5,10,2,20
82,v9,-812.5,992.5,40,2,40
82,v10,-882.5,998.5,10,2,20
82,v11,-727.5,995.5,30,2,40
82,v12,-802.5,992.5,50,2,40
82,v13,-822.5,998.5,40,2,40
82,v14,-817.5,995.5,50,2,20
82,v15,-782.5,992.5,40,2,40
82,v16,-952.5,998.5,40,2,30
82,v17,-995.5,913.5,30,1,20
82,v18,-992.5,922.5,10,1,20
82,v19,-998.5,974.5,40,1,20
82,v20,-995.5,863.5,10,1,20
83,v1,-542.5,998.5,30,2,40
83,v2,-397.5,995.5,20,2,20
83,v3,-632.5,992.5,50,2,20
83,v4,-642.5,998.5,40,2,40
83,v5,-737.5,995.5,30,2,30
83,v6,-522.5,992.5,10,2,20
83,v7,-642.5,998.5,40,2,20
83,v8,-647.5,995.5,10,2,20
83,v9,-772.5,992.5,20,2,40
83,v10,-872.5,998.5,40,2,20
83,v11,-697.5,995.5,50,2,40
83,v12,-752.5,992.5,40,2,40
83,v13,-782.5,998.5,50,2,40
83,v14,-767.5,995.5,10,2,20
83,v15,-742.5,992.5,40,2,40
83,v16,-912.5,998.5,30,2,30
83,v17,-995.5,943.5,30,1,20
83,v18,-992.5,932.5,20,1,20
83,v19,-982.5,998.5,30,2,20
83,v20,-995.5,873.5,20,1,20
84,v1,-512.5,998.5,10,2,40
84,v2,-377.5,995.5,50,2,20
84,v3,-582.5,992.5,10,2,20
84,v4,-602.5,998.5,50,2,40
84,v5,-707.5,995.5,50,2,30
84,v6,-512.5,992.5,20,2,20
84,v7,-602.5,998.5,30,2,20
84,v8,-637.5,995.5,30,2,20
84,v9,-752.5,992.5,20,2,40
84,v10,-832.5,998.5,20,2,20
84,v11,-647.5,995.5,10,2,40
84,v12,-712.5,992.5,20,2,40
84,v13,-732.5,998.5,30,2,40
84,v14,-757.5,995.5,20,2,20
84,v15,-702.5,992.5,20,2,40
84,v16,-882.5,998.5,50,2,30
84,v17,-995.5,973.5,20,1,20
84,v18,-992.5,952.5,10,1,20
84,v19,-952.5,998.5,20,2,20
84,v20,-995.5,893.5,40,1,20
85,v1,-502.5,998.5,40,2,40
85,v2,-327.5,995.5,50,2,20
85,v3,-572.5,992.5,50,2,20
85,v4,-552.5,998.5,40,2,40
85,v5,-657.5,995.5,50,2,30
85,v6,-492.5,992.5,50,2,20
85,v7,-572.5,998.5,30,2,20
85,v8,-607.5,995.5,30,2,20
85,v9,-732.5,992.5,20,2,40
85,v10,-812.5,998.5,40,2,20
85,v11,-637.5,995.5,10,2,40
85,v12,-692.5,992.5,40,2,40
85,v13,-702.5,998.5,40,2,40
85,v14,-737.5,995.5,30,2,20
85,v15,-682.5,992.5,30,2,40
85,v16,-832.5,998.5,50,2,30
85,v17,-995.5,993.5,10,1,20
85,v18,-992.5,962.5,30,1,20
85,v19,-932.5,998.5,50,2,20
85,v20,-995.5,933.5,10,1,20
86,v1,-462.5,998.5,30,2,40
86,v2,-277.5,995.5,40,2,20
86,v3,-522.5,992.5,40,2,20
86,v4,-512.5,998.5,10,2,40
86,v5,-607.5,995.5,10,2,30
86,v6,-442.5,992.5,30,2,20
86,v7,-542.5,998.5,30,2,20
86,v8,-577.5,995.5,10,2,20
86,v9,-712.5,992.5,10,2,40
86,v10,-772.5,998.5,50,2,20
86,v11,-627.5,995.5,50,2,40
86,v12,-652.5,992.5,50,2,40
86,v13,-662.5,998.5,40,2,40
86,v14,-707.5,995.5,40,2,20
86,v15,-652.5,992.5,50,2,40
86,v16,-782.5,998.5,50,2,30
86,v17,-987.5,995.5,10,2,20
86,v18,-992.5,992.5,40,2,20
86,v19,-882.5,998.5,50,2,20
86,v20,-995.5,943.5,20,1,20
87,v1,-432.5,998.5,30,2,40
87,v2,-237.5,995.5,50,2,20
87,v3,-482.5,992.5,40,2,20
87,v4,-502.5,998.5,50,2,40
87,v5,-597.5,995.5,20,2,30
87,v6,-412.5,992.5,10,2,20
87,v7,-512.5,998.5,40,2,20
87,v8,-567.5,995.5,10,2,20
87,v9,-702.5,992.5,30,2,40
87,v10,-722.5,998.5,10,2,20
87,v11,-577.5,995.5,50,2,40
87,v12,-602.5,992.5,20,2,40
87,v13,-622.5,998.5,10,2,40
87,v14,-667.5,995.5,20,2,20
87,v15,-602.5,992.5,40,2,40
87,v16,-732.5,998.5,40,2,30
87,v17,-977.5,995.5,50,2,20
87,v18,-952.5,992.5,50,2,20
87,v19,-832.5,998.5,50,2,20
87,v20,-995.5,963.5,20,1,20
88,v1,-402.5,998.5,30,2,40
88,v2,-187.5,995.5,30,2,20
88,v3,-442.5,992.5,30,2,20
88,v4,-452.5,998.5,40,2,40
88,v5,-577.5,995.5,40,2,30
88,v6,-402.5,992.5,30,2,20
88,v7,-472.5,998.5,50,2,20
88,v8,-557.5,995.5,10,2,20
88,v9,-672.5,992.5,30,2,40
88,v10,-712.5,998.5,10,2,20
88,v11,-527.5,995.5,30,2,40
88,v12,-582.5,992.5,10,2,40
88,v13,-612.5,998.5,50,2,40
88,v14,-647.5,995.5,40,2,20
88,v15,-562.5,992.5,30,2,40
88,v16,-692.5,998.5,30,2,30
88,v17,-927.5,995.5,50,2,20
88,v18,-902.5,992.5,20,2,20
88,v19,-782.5,998.5,30,2,20
88,v20,-995.5,983.5,10,1,20
89,v1,-372.5,998.5,50,2,40
89,v2,-157.5,995.5,20,2,20
89,v3,-412.5,992.5,30,2,20
89,v4,-412.5,998.5,30,2,40
89,v5,-537.5,995.5,40,2,30
89,v6,-372.5,992.5,20,2,20
89,v7,-422.5,998.5,50,2,20
89,v8,-547.5,995.5,10,2,20
89,v9,-642.5,992.5,30,2,40
89,v10,-702.5,998.5,50,2,20
89,v11,-497.5,995.5,40,2,40
89,v12,-572.5,992.5,30,2,40
89,v13,-562.5,998.5,20,2,40
89,v14,-607.5,995.5,50,2,20
89,v15,-532.5,992.5,10,2,40
89,v16,-662.5,998.5,40,2,30
89,v17,-877.5,995.5,50,2,20
89,v18,-882.5,992.5,30,2,20
89,v19,-752.5,998.5,10,2,20
89,v20,-995.5,993.5,30,1,20
90,v1,-322.5,998.5,30,2,40
90,v2,-137.5,995.5,20,2,20
90,v3,-382.5,992.5,20,2,20
90,v4,-382.5,998.5,30,2,40
90,v5,-497.5,995.5,40,2,30
90,v6,-352.5,992.5,20,2,20
90,v7,-372.5,998.5,20,2,20
90,v8,-537.5,995.5,20,2,20
90,v9,-612.5,992.5,20,2,40
90,v10,-652.5,998.5,10,2,20
90,v11,-457.5,995.5,30,2,40
90,v12,-542.5,992.5,10,2,40
90,v13,-542.5,998.5,50,2,40
90,v14,-557.5,995.5,50,2,20
90,v15,-522.5,992.5,50,2,40
90,v16,-622.5,998.5,10,2,30
90,v17,-827.5,995.5,30,2,20
90,v18,-852.5,992.5,50,2,20
90,v19,-742.5,998.5,20,2,20
90,v20,-967.5,995.5,50,2,20
91,v1,-292.5,998.5,40,2,40
91,v2,-117.5,995.5,20,2,20
91,v3,-362.5,992.5,20,2,20
91,v4,-352.5,998.5,20,2,40
91,v5,-457.5,995.5,50,2,30
91,v6,-332.5,992.5,20,2,20
91,v7,-352.5,998.5,40,2,20
91,v8,-517.5,995.5,10,2,20
91,v9,-592.5,992.5,40,2,40
91,v10,-642.5,998.5,30,2,20
91,v11,-427.5,995.5,20,2,40
91,v12,-532.5,992.5,40,2,40
91,v13,-492.5,998.5,50,2,40
91,v14,-507.5,995.5,30,2,20
91,v15,-472.5,992.5,40,2,40
91,v16,-612.5,998.5,20,2,30
91,v17,-797.5,995.5,50,2,20
91,v18,-802.5,992.5,20,2,20
91,v19,-722.5,998.5,30,2,20
91,v20,-917.5,995.5,40,2,20
92,v1,-252.5,998.5,20,2,40
92,v2,-97.5,995.5,30,2,20
92,v3,-342.5,992.5,50,2,20
92,v4,-332.5,998.5,40,2,40
92,v5,-407.5,995.5,40,2,30
92,v6,-312.5,992.5,30,2,20
92,v7,-312.5,998.5,40,2,20
92,v8,-507.5,995.5,50,2,20
92,v9,-552.5,992.5,50,2,40
92,v10,-612.5,998.5,40,2,20
92,v11,-407.5,995.5,20,2,40
92,v12,-492.5,992.5,20,2,40
92,v13,-442.5,998.5,50,2,40
92,v14,-477.5,995.5,20,2,20
92,v15,-432.5,992.5,30,2,40
92,v16,-592.5,998.5,10,2,30
92,v17,-747.5,995.5,40,2,20
92,v18,-782.5,992.5,30,2,20
92,v19,-692.5,998.5,50,2,20
92,v20,-877.5,995.5,10,2,20
93,v1,-232.5,998.5,50,2,40
93,v2,-67.5,995.5,10,2,20
93,v3,-292.5,992.5,30,2,20
93,v4,-292.5,998.5,10,2,40
93,v5,-367.5,995.5,20,2,30
93,v6,-282.5,992.5,30,2,20
93,v7,-272.5,998.5,40,2,20
93,v8,-457.5,995.5,50,2,20
93,v9,-502.5,992.5,20,2,40
93,v10,-572.5,998.5,40,2,20
93,v11,-387.5,995.5,10,2,40
93,v12,-472.5,992.5,20,2,40
93,v13,-392.5,998.5,40,2,40
93,v14,-457.5,995.5,30,2,20
93,v15,-402.5,992.5,10,2,40
93,v16,-582.5,998.5,40,2,30
93,v17,-707.5,995.5,10,2,20
93,v18,-752.5,992.5,40,2,20
93,v19,-642.5,998.5,50,2,20
93,v20,-867.5,995.5,30,2,20
94,v1,-182.5,998.5,20,2,40
94,v2,-57.5,995.5,40,2,20
94,v3,-262.5,992.5,10,2,20
94,v4,-282.5,998.5,30,2,40
94,v5,-347.5,995.5,20,2,30
94,v6,-252.5,992.5,10,2,20
94,v7,-232.5,998.5,30,2,20
94,v8,-407.5,995.5,10,2,20
94,v9,-482.5,992.5,30,2,40
94,v10,-532.5,998.5,20,2,20
94,v11,-377.5,995.5,20,2,40
94,v12,-452.5,992.5,10,2,40
94,v13,-352.5,998.5,30,2,40
94,v14,-427.5,995.5,40,2,20
94,v15,-392.5,992.5,20,2,40
94,v16,-542.5,998.5,40,2,30
94,v17,-697.5,995.5,40,2,20
94,v18,-712.5,992.5,50,2,20
94,v19,-592.5,998.5,10,2,20
94,v20,-837.5,995.5,10,2,20
95,v1,-162.5,998.5,10,2,40
95,v2,-17.5,995.5,30,2,20
95,v3,-252.5,992.5,20,2,20
95,v4,-252.5,998.5,20,2,40
95,v5,-327.5,995.5,50,2,30
95,v6,-242.5,992.5,50,2,20
95,v7,-202.5,998.5,50,2,20
95,v8,-397.5,995.5,40,2,20
95,v9,-452.5,992.5,10,2,40
95,v10,-512.5,998.5,30,2,20
95,v11,-357.5,995.5,20,2,40
95,v12,-442.5,992.5,30,2,40
95,v13,-322.5,998.5,10,2,40
95,v14,-387.5,995.5,10,2,20
95,v15,-372.5,992.5,20,2,40
95,v16,-502.5,998.5,40,2,30
95,v17,-657.5,995.5,50,2,20
95,v18,-662.5,992.5,40,2,20
95,v19,-582.5,998.5,10,2,20
95,v20,-827.5,995.5,10,2,20
96,v1,-152.5,998.5,40,2,40
96,v2,-4.5,978.5,50,3,20
96,v3,-232.5,992.5,50,2,20
96,v4,-232.5,998.5,10,2,40
96,v5,-277.5,995.5,50,2,30
96,v6,-192.5,992.5,50,2,20
96,v7,-152.5,998.5,20,2,20
96,v8,-357.5,995.5,20,2,20
96,v9,-442.5,992.5,30,2,40
96,v10,-482.5,998.5,40,2,20
96,v11,-337.5,995.5,10,2,40
96,v12,-412.5,992.5,50,2,40
96,v13,-312.5,998.5,30,2,40
96,v14,-377.5,995.5,20,2,20
96,v15,-352.5,992.5,50,2,40
96,v16,-462.5,998.5,40,2,30
96,v17,-607.5,995.5,20,2,20
96,v18,-622.5,992.5,10,2,20
96,v19,-572.5,998.5,50,2,20
96,v20,-817.5,995.5,30,2,20
97,v1,-112.5,998.5,10,2,40
97,v2,-4.5,928.5,50,3,20
97,v3,-182.5,992.5,50,2,20
97,v4,-222.5,998.5,50,2,40
97,v5,-227.5,995.5,50,2,30
97,v6,-142.5,992.5,50,2,20
97,v7,-132.5,998.5,10,2,20
97,v8,-337.5,995.5,40,2,20
97,v9,-412.5,992.5,40,2,40
97,v10,-442.5,998.5,10,2,20
97,v11,-327.5,995.5,40,2,40
97,v12,-362.5,992.5,30,2,40
97,v13,-282.5,998.5,30,2,40
97,v14,-357.5,995.5,10,2,20
97,v15,-302.5,992.5,30,2,40
97,v16,-422.5,998.5,10,2,30
97,v17,-587.5,995.5,30,2,20
97,v18,-612.5,992.5,20,2,20
97,v19,-522.5,998.5,10,2,20
97,v20,-787.5,995.5,50,2,20
98,v1,-102.5,998.5,30,2,40
98,v2,-4.5,878.5,20,3,20
98,v3,-132.5,992.5,10,2,20
98,v4,-172.5,998.5,30,2,40
98,v5,-177.5,995.5,50,2,30
98,v6,-92.5,992.5,30,2,20
98,v7,-122.5,998.5,20,2,20
98,v8,-297.5,995.5,40,2,20
98,v9,-372.5,992.5,40,2,40
98,v10,-432.5,998.5,20,2,20
98,v11,-287.5,995.5,20,2,40
98,v12,-332.5,992.5,10,2,40
98,v13,-252.5,998.5,40,2,40
98,v14,-347.5,995.5,10,2,20
98,v15,-272.5,992.5,30,2,40
98,v16,-412.5,998.5,20,2,30
98,v17,-557.5,995.5,10,2,20
98,v18,-592.5,992.5,20,2,20
98,v19,-512.5,998.5,10,2,20
98,v20,-737.5,995.5,30,2,20
99,v1,-72.5,998.5,30,2,40
99,v2,-4.5,858.5,50,3,20
99,v3,-122.5,992.5,40,2,20
99,v4,-142.5,998.5,50,2,40
99,v5,-127.5,995.5,40,2,30
99,v6,-62.5,992.5,30,2,20
99,v7,-102.5,998.5,10,2,20
99,v8,-257.5,995.5,20,2,20
99,v9,-332.5,992.5,30,2,40
99,v10,-412.5,998.5,30,2,20
99,v11,-267.5,995.5,10,2,40
99,v12,-322.5,992.5,30,2,40
99,v13,-212.5,998.5,30,2,40
99,v14,-337.5,995.5,10,2,20
99,v15,-242.5,992.5,30,2,40
99,v16,-392.5,998.5,40,2,30
99,v17,-547.5,995.5,40,2,20
99,v18,-572.5,992.5,40,2,20
99,v19,-502.5,998.5,40,2,20
99,v20,-707.5,995.5,30,2,20
100,v1,-42.5,998.5,20,2,40
100,v2,-4.5,808.5,40,3,20
100,v3,-82.5,992.5,40,2,20
100,v4,-92.5,998.5,30,2,40
100,v5,-87.5,995.5,50,2,30
100,v6,-32.5,992.5,30,2,20
100,v7,-92.5,998.5,10,2,20
100,v8,-237.5,995.5,40,2,20
100,v9,-302.5,992.5,10,2,40
100,v10,-382.5,998.5,40,2,20
100,v11,-257.5,995.5,50,2,40
100,v12,-292.5,992.5,20,2,40
100,v13,-182.5,998.5,50,2,40
100,v14,-327.5,995.5,30,2,20
100,v15,-212.5,992.5,30,2,40
100,v16,-352.5,998.5,10,2,30
100,v17,-507.5,995.5,10,2,20
100,v18,-532.5,992.5,30,2,20
100,v19,-462.5,998.5,30,2,20
100,v20,-677.5,995.5,30,2,20
101,v1,-22.5,998.5,40,2,40
101,v2,-4.5,768.5,50,3,20
101,v3,-42.5,992.5,40,2,20
101,v4,-62.5,998.5,20,2,40
101,v5,-37.5,995.5,40,2,30
101,v6,-7.5,987.5,30,3,20
101,v7,-82.5,998.5,40,2,20
101,v8,-197.5,995.5,10,2,20
101,v9,-292.5,992.5,30,2,40
101,v10,-342.5,998.5,50,2,20
101,v11,-207.5,995.5,40,2,40
101,v12,-272.5,992.5,30,2,40
101,v13,-132.5,998.5,10,2,40
101,v14,-297.5,995.5,10,2,20
101,v15,-182.5,992.5,40,2,40
101,v16,-342.5,998.5,30,2,30
101,v17,-497.5,995.5,50,2,20
101,v18,-502.5,992.5,20,2,20
101,v19,-432.5,998.5,10,2,20
101,v20,-647.5,995.5,20,2,20
102,v1,-1.5,979.5,50,3,40
102,v2,-4.5,718.5,40,3,20
102,v3,-7.5,987.5,10,3,20
102,v4,-42.5,998.5,20,2,40
102,v5,-4.5,988.5,10,3,30
102,v6,-7.5,957.5,20,3,20
102,v7,-42.5,998.5,30,2,20
102,v8,-187.5,995.5,30,2,20
102,v9,-262.5,992.5,40,2,40
102,v10,-292.5,998.5,50,2,20
102,v11,-167.5,995.5,10,2,40
102,v12,-242.5,992.5,50,2,40
102,v13,-122.5,998.5,20,2,40
102,v14,-287.5,995.5,40,2,20
102,v15,-142.5,992.5,30,2,40
102,v16,-312.5,998.5,30,2,30
102,v17,-447.5,995.5,40,2,20
102,v18,-482.5,992.5,10,2,20
102,v19,-422.5,998.5,50,2,20
102,v20,-627.5,995.5,20,2,20
103,v1,-1.5,929.5,50,3,40
103,v2,-4.5,678.5,30,3,20
103,v3,-7.5,977.5,40,3,20
103,v4,-22.5,998.5,30,2,40
103,v5,-4.5,978.5,30,3,30
103,v6,-7.5,937.5,20,3,20
103,v7,-12.5,998.5,10,2,20
103,v8,-157.5,995.5,10,2,20
103,v9,-222.5,992.5,20,2,40
103,v10,-242.5,998.5,40,2,20
103,v11,-157.5,995.5,50,2,40
103,v12,-192.5,992.5,40,2,40
103,v13,-102.5,998.5,50,2,40
103,v14,-247.5,995.5,10,2,20
103,v15,-112.5,992.5,30,2,40
103,v16,-282.5,998.5,30,2,30
103,v17,-407.5,995.5,40,2,20
103,v18,-472.5,992.5,20,2,20
103,v19,-372.5,998.5,50,2,20
103,v20,-607.5,995.5,30,2,20
104,v1,-1.5,879.5,40,3,40
104,v2,-4.5,648.5,20,3,20
104,v3,-7.5,937.5,10,3,20
104,v4,-1.5,989.5,20,3,40
104,v5,-4.5,948.5,10,3,30
104,v6,-7.5,917.5,40,3,20
104,v7,-2.5,998.5,20,2,20
104,v8,-147.5,995.5,40,2,20
104,v9,-202.5,992.5,10,2,40
104,v10,-202.5,998.5,30,2,20
104,v11,-107.5,995.5,30,2,40
104,v12,-152.5,992.5,10,2,40
104,v13,-52.5,998.5,50,2,40
104,v14,-237.5,995.5,50,2,20
104,v15,-82.5,992.5,30,2,40
104,v16,-252.5,998.5,30,2,30
104,v17,-367.5,995.5,20,2,20
104,v18,-452.5,992.5,20,2,20
104,v19,-322.5,998.5,30,2,20
104,v20,-577.5,995.5,50,2,20
105,v1,-1.5,839.5,20,3,40
105,v2,-4.5,628.5,10,3,20
105,v3,-7.5,927.5,20,3,20
105,v4,-1.5,969.5,20,3,40
105,v5,-4.5,938.5,20,3,30
105,v6,-7.5,877.5,40,3,20
105,v7,-1.5,979.5,10,3,20
105,v8,-107.5,995.5,30,2,20
105,v9,-192.5,992.5,50,2,40
105,v10,-172.5,998.5,50,2,20
105,v11,-77.5,995.5,30,2,40
105,v12,-142.5,992.5,40,2,40
105,v13,-2.5,998.5,50,2,40
105,v14,-187.5,995.5,20,2,20
105,v15,-52.5,992.5,50,2,40
105,v16,-222.5,998.5,10,2,30
105,v17,-347.5,995.5,10,2,20
105,v18,-432.5,992.5,30,2,20
105,v19,-292.5,998.5,40,2,20
105,v20,-527.5,995.5,40,2,20
106,v1,-1.5,819.5,50,3,40
106,v2,-4.5,618.5,40,3,20
106,v3,-7.5,907.5,40,3,20
106,v4,-1.5,949.5,50,3,40
106,v5,-4.5,918.5,10,3,30
106,v6,-7.5,837.5,20,3,20
106,v7,-1.5,969.5,30,3,20
106,v8,-77.5,995.5,10,2,20
106,v9,-142.5,992.5,40,2,40
106,v10,-122.5,998.5,40,2,20
106,v11,-47.5,995.5,50,2,40
106,v12,-102.5,992.5,30,2,40
106,v13,-1.5,949.5,20,3,40
106,v14,-167.5,995.5,50,2,20
106,v15,-7.5,987.5,50,3,40
106,v16,-212.5,998.5,20,2,30
106,v17,-337.5,995.5,20,2,20
106,v18,-402.5,992.5,40,2,20
106,v19,-252.5,998.5,50,2,20
106,v20,-487.5,995.5,10,2,20
107,v1,-1.5,769.5,10,3,40
107,v2,-4.5,578.5,50,3,20
107,v3,-7.5,867.5,20,3,20
107,v4,-1.5,899.5,30,3,40
107,v5,-4.5,908.5,20,3,30
107,v6,-7.5,817.5,20,3,20
107,v7,-1.5,939.5,30,3,20
107,v8,-67.5,995.5,20,2,20
107,v9,-102.5,992.5,30,2,40
107,v10,-82.5,998.5,50,2,20
107,v11,-4.5,988.5,30,3,40
107,v12,-72.5,992.5,10,2,40
107,v13,-1.5,929.5,30,3,40
107,v14,-117.5,995.5,20,2,20
107,v15,-7.5,937.5,50,3,40
107,v16,-192.5,998.5,30,2,30
107,v17,-317.5,995.5,20,2,20
107,v18,-362.5,992.5,30,2,20
107,v19,-202.5,998.5,50,2,20
107,v20,-477.5,995.5,50,2,20
108,v1,-1.5,759.5,10,3,40
108,v2,-4.5,528.5,50,3,20
108,v3,-7.5,847.5,20,3,20
108,v4,-1.5,869.5,50,3,40
108,v5,-4.5,888.5,50,3,30
108,v6,-7.5,797.5,20,3,20
108,v7,-1.5,909.5,20,3,20
108,v8,-47.5,995.5,50,2,20
108,v9,-72.5,992.5,50,2,40
108,v10,-32.5,998.5,30,2,20
108,v11,-4.5,958.5,50,3,40
108,v12,-62.5,992.5,10,2,40
108,v13,-1.5,899.5,10,3,40
108,v14,-97.5,995.5,10,2,20
108,v15,-7.5,887.5,10,3,40
108,v16,-162.5,998.5,50,2,30
108,v17,-297.5,995.5,30,2,20
108,v18,-332.5,992.5,20,2,20
108,v19,-152.5,998.5,50,2,20
108,v20,-427.5,995.5,40,2,20
109,v1,-1.5,749.5,50,3,40
109,v2,-4.5,478.5,10,3,20
109,v3,-7.5,827.5,40,3,20
109,v4,-1.5,819.5,50,3,40
109,v5,-4.5,838.5,30,3,30
109,v6,-7.5,777.5,30,3,20
109,v7,-1.5,889.5,40,3,20
109,v8,-4.5,988.5,20,3,20
109,v9,-22.5,992.5,40,2,40
109,v10,-2.5,998.5,30,2,20
109,v11,-4.5,908.5,40,3,40
109,v12,-52.5,992.5,10,2,40
109,v13,-1.5,889.5,10,3,40
109,v14,-87.5,995.5,20,2,20
109,v15,-7.5,877.5,40,3,40
109,v16,-112.5,998.5,40,2,30
109,v17,-267.5,995.5,40,2,20
109,v18,-312.5,992.5,40,2,20
109,v19,-102.5,998.5,20,2,20
109,v20,-387.5,995.5,30,2,20
110,v1,-1.5,699.5,50,3,40
110,v2,-4.5,468.5,20,3,20
110,v3,-7.5,787.5,30,3,20
110,v4,-1.5,769.5,30,3,40
110,v5,-4.5,808.5,30,3,30
110,v6,-7.5,747.5,40,3,20
110,v7,-1.5,849.5,20,3,20
110,v8,-4.5,968.5,30,3,20
110,v9,-7.5,967.5,50,3,40
110,v10,-1.5,969.5,50,3,20
110,v11,-4.5,868.5,10,3,40
110,v12,-42.5,992.5,30,2,40
110,v13,-1.5,879.5,20,3,40
110,v14,-67.5,995.5,40,2,20
110,v15,-7.5,837.5,10,3,40
110,v16,-72.5,998.5,30,2,30
110,v17,-227.5,995.5,40,2,20
110,v18,-272.5,992.5,20,2,20
110,v19,-82.5,998.5,20,2,20
110,v20,-357.5,995.5,10,2,20
111,v1,-1.5,649.5,10,3,40
111,v2,-4.5,448.5,30,3,20
111,v3,-7.5,757.5,40,3,20
111,v4,-1.5,739.5,50,3,40
111,v5,-4.5,778.5,40,3,30
111,v6,-7.5,707.5,20,3,20
111,v7,-1.5,829.5,20,3,20
111,v8,-4.5,938.5,30,3,20
111,v9,-7.5,917.5,50,3,40
111,v10,-1.5,919.5,30,3,20
111,v11,-4.5,858.5,20,3,40
111,v12,-12.5,992.5,20,2,40
111,v13,-1.5,859.5,40,3,40
111,v14,-27.5,995.5,50,2,20
111,v15,-7.5,827.5,40,3,40
111,v16,-42.5,998.5,40,2,30
111,v17,-187.5,995.5,30,2,20
111,v18,-252.5,992.5,40,2,20
111,v19,-62.5,998.5,10,2,20
111,v20,-347.5,995.5,10,2,20
112,v1,-1.5,639.5,40,3,40
112,v2,-4.5,418.5,50,3,20
112,v3,-7.5,717.5,40,3,20
112,v4,-1.5,689.5,20,3,40
112,v5,-4.5,738.5,20,3,30
112,v6,-7.5,687.5,50,3,20
112,v7,-1.5,809.5,30,3,20
112,v8,-4.5,908.5,10,3,20
112,v9,-7.5,867.5,10,3,40
112,v10,-1.5,889.5,30,3,20
112,v11,-4.5,838.5,40,3,40
112,v12,-7.5,977.5,50,3,40
112,v13,-1.5,819.5,40,3,40
112,v14,-4.5,968.5,30,3,20
112,v15,-7.5,787.5,50,3,40
112,v16,-2.5,998.5,10,2,30
112,v17,-157.5,995.5,10,2,20
112,v18,-212.5,992.5,40,2,20
112,v19,-52.5,998.5,20,2,20
112,v20,-337.5,995.5,30,2,20
113,v1,-1.5,599.5,30,3,40
113,v2,-4.5,368.5,40,3,20
113,v3,-7.5,677.5,30,3,20
113,v4,-1.5,669.5,10,3,40
113,v5,-4.5,718.5,40,3,30
113,v6,-7.5,637.5,10,3,20
113,v7,-1.5,779.5,50,3,20
113,v8,-4.5,898.5,50,3,20
113,v9,-7.5,857.5,20,3,40
113,v10,-1.5,859.5,30,3,20
113,v11,-4.5,798.5,50,3,40
113,v12,-7.5,927.5,30,3,40
113,v13,-1.5,779.5,10,3,40
113,v14,-4.5,938.5,40,3,20
113,v15,-7.5,737.5,50,3,40
113,v16,-1.5,989.5,40,3,30
113,v17,-147.5,995.5,50,2,20
113,v18,-172.5,992.5,30,2,20
113,v19,-32.5,998.5,50,2,20
113,v20,-307.5,995.5,50,2,20
114,v1,-1.5,569.5,10,3,40
114,v2,-4.5,328.5,20,3,20
114,v3,-7.5,647.5,10,3,20
114,v4,-1.5,659.5,40,3,40
114,v5,-4.5,678.5,30,3,30
114,v6,-7.5,627.5,30,3,20
114,v7,-1.5,729.5,50,3,20
114,v8,-4.5,848.5,30,3,20
114,v9,-7.5,837.5,20,3,40
114,v10,-1.5,829.5,20,3,20
114,v11,-4.5,748.5,50,3,40
114,v12,-7.5,897.5,50,3,40
114,v13,-1.5,769.5,40,3,40
114,v14,-4.5,898.5,50,3,20
114,v15,-7.5,687.5,10,3,40
114,v16,-1.5,949.5,10,3,30
114,v17,-97.5,995.5,10,2,20
114,v18,-142.5,992.5,20,2,20
114,v19,-1.5,979.5,30,3,20
114,v20,-257.5,995.5,40,2,20
115,v1,-1.5,559.5,50,3,40
115,v2,-4.5,308.5,40,3,20
115,v3,-7.5,637.5,20,3,20
115,v4,-1.5,619.5,50,3,40
115,v5,-4.5,648.5,50,3,30
115,v6,-7.5,597.5,20,3,20
115,v7,-1.5,679.5,30,3,20
115,v8,-4.5,818.5,50,3,20
115,v9,-7.5,817.5,30,3,40
115,v10,-1.5,809.5,20,3,20
115,v11,-4.5,698.5,40,3,40
115,v12,-7.5,847.5,50,3,40
115,v13,-1.5,729.5,30,3,40
115,v14,-4.5,848.5,50,3,20
115,v15,-7.5,677.5,30,3,40
115,v16,-1.5,939.5,50,3,30
115,v17,-87.5,995.5,50,2,20
115,v18,-122.5,992.5,50,2,20
115,v19,-1.5,949.5,40,3,20
115,v20,-217.5,995.5,50,2,20
116,v1,-1.5,509.5,30,3,40
116,v2,-4.5,268.5,40,3,20
116,v3,-7.5,617.5,10,3,20
116,v4,-1.5,569.5,30,3,40
116,v5,-4.5,598.5,30,3,30
116,v6,-7.5,577.5,10,3,20
116,v7,-1.5,649.5,40,3,20
116,v8,-4.5,768.5,50,3,20
116,v9,-7.5,787.5,30,3,40
116,v10,-1.5,789.5,10,3,20
116,v11,-4.5,658.5,50,3,40
116,v12,-7.5,797.5,40,3,40
116,v13,-1.5,699.5,30,3,40
116,v14,-4.5,798.5,50,3,20
116,v15,-7.5,647.5,50,3,40
116,v16,-1.5,889.5,20,3,30
116,v17,-37.5,995.5,10,2,20
116,v18,-72.5,992.5,50,2,20
116,v19,-1.5,909.5,40,3,20
116,v20,-167.5,995.5,20,2,20
117,v1,-1.5,479.5,50,3,40
117,v2,-4.5,228.5,50,3,20
117,v3,-7.5,607.5,40,3,20
117,v4,-1.5,539.5,20,3,40
117,v5,-4.5,568.5,20,3,30
117,v6,-7.5,567.5,10,3,20
117,v7,-1.5,609.5,50,3,20
117,v8,-4.5,718.5,10,3,20
117,v9,-7.5,757.5,20,3,40
117,v10,-1.5,779.5,10,3,20
117,v11,-4.5,608.5,40,3,40
117,v12,-7.5,757.5,30,3,40
117,v13,-1.5,669.5,40,3,40
117,v14,-4.5,748.5,20,3,20
117,v15,-7.5,597.5,40,3,40
117,v16,-1.5,869.5,20,3,30
117,v17,-27.5,995.5,40,2,20
117,v18,-22.5,992.5,50,2,20
117,v19,-1.5,869.5,50,3,20
117,v20,-147.5,995.5,40,2,20
118,v1,-1.5,429.5,10,3,40
118,v2,-4.5,178.5,20,3,20
118,v3,-7.5,567.5,50,3,20
118,v4,-1.5,519.5,20,3,40
118,v5,-4.5,548.5,50,3,30
118,v6,-7.5,557.5,30,3,20
118,v7,-1.5,559.5,40,3,20
118,v8,-4.5,708.5,50,3,20
118,v9,-7.5,737.5,40,3,40
118,v10,-1.5,769.5,30,3,20
118,v11,-4.5,568.5,20,3,40
118,v12,-7.5,727.5,40,3,40
118,v13,-1.5,629.5,50,3,40
118,v14,-4.5,728.5,30,3,20
118,v15,-7.5,557.5,50,3,40
118,v16,-1.5,849.5,30,3,30
118,v17,-4.5,978.5,30,3,20
118,v18,-7.5,957.5,50,3,20
118,v19,-1.5,819.5,40,3,20
118,v20,-107.5,995.5,20,2,20
119,v1,-1.5,419.5,20,3,40
119,v2,-4.5,158.5,30,3,20
119,v3,-7.5,517.5,50,3,20
119,v4,-1.5,499.5,30,3,40
119,v5,-4.5,498.5,20,3,30
119,v6,-7.5,527.5,30,3,20
119,v7,-1.5,519.5,30,3,20
119,v8,-4.5,658.5,20,3,20
119,v9,-7.5,697.5,40,3,40
119,v10,-1.5,739.5,30,3,20
119,v11,-4.5,548.5,40,3,40
119,v12,-7.5,687.5,30,3,40
119,v13,-1.5,579.5,50,3,40
119,v14,-4.5,698.5,30,3,20
119,v15,-7.5,507.5,30,3,40
119,v16,-1.5,819.5,10,3,30
119,v17,-4.5,948.5,50,3,20
119,v18,-7.5,907.5,50,3,20
119,v19,-1.5,779.5,40,3,20
119,v20,-87.5,995.5,40,2,20
120,v1,-1.5,399.5,30,3,40
120,v2,-4.5,128.5,20,3,20
120,v3,-7.5,467.5,30,3,20
120,v4,-1.5,469.5,10,3,40
120,v5,-4.5,478.5,30,3,30
120,v6,-7.5,497.5,10,3,20
120,v7,-1.5,489.5,30,3,20
120,v8,-4.5,638.5,40,3,20
120,v9,-7.5,657.5,30,3,40
120,v10,-1.5,709.5,40,3,20
120,v11,-4.5,508.5,20,3,40
120,v12,-7.5,657.5,20,3,40
120,v13,-1.5,529.5,50,3,40
120,v14,-4.5,668.5,30,3,20
120,v15,-7.5,477.5,50,3,40
120,v16,-1.5,809.5,30,3,30
120,v17,-4.5,898.5,20,3,20
120,v18,-7.5,857.5,10,3,20
120,v19,-1.5,739.5,50,3,20
120,v20,-47.5,995.5,50,2,20
121,v1,-1.5,369.5,20,3,40
121,v2,-4.5,108.5,20,3,20
121,v3,-7.5,437.5,10,3,20
121,v4,-1.5,459.5,50,3,40
121,v5,-4.5,448.5,20,3,30
121,v6,-7.5,487.5,20,3,20
121,v7,-1.5,459.5,10,3,20
121,v8,-4.5,598.5,10,3,20
121,v9,-7.5,627.5,40,3,40
121,v10,-1.5,669.5,30,3,20
121,v11,-4.5,488.5,40,3,40
121,v12,-7.5,637.5,10,3,40
121,v13,-1.5,479.5,20,3,40
121,v14,-4.5,638.5,10,3,20
121,v15,-7.5,427.5,50,3,40
121,v16,-1.5,779.5,20,3,30
121,v17,-4.5,878.5,40,3,20
121,v18,-7.5,847.5,40,3,20
121,v19,-1.5,689.5,40,3,20
121,v20,-4.5,988.5,20,3,20
122,v1,-1.5,349.5,30,3,40
122,v2,-4.5,88.5,30,3,20
122,v3,-7.5,427.5,30,3,20
122,v4,-1.5,409.5,10,3,40
122,v5,-4.5,428.5,10,3,30
122,v6,-7.5,467.5,50,3,20
122,v7,-1.5,449.5,20,3,20
122,v8,-4.5,588.5,50,3,20
122,v9,-7.5,587.5,10,3,40
122,v10,-1.5,639.5,20,3,20
122,v11,-4.5,448.5,40,3,40
122,v12,-7.5,627.5,20,3,40
122,v13,-1.5,459.5,10,3,40
122,v14,-4.5,628.5,40,3,20
122,v15,-7.5,377.5,40,3,40
122,v16,-1.5,759.5,20,3,30
122,v17,-4.5,838.5,30,3,20
122,v18,-7.5,807.5,10,3,20
122,v19,-1.5,649.5,10,3,20
122,v20,-4.5,968.5,30,3,20
123,v1,-1.5,319.5,50,3,40
123,v2,-4.5,58.5,50,3,20
123,v3,-7.5,397.5,10,3,20
123,v4,-1.5,399.5,30,3,40
123,v5,-4.5,418.5,30,3,30
123,v6,-7.5,417.5,40,3,20
123,v7,-1.5,429.5,50,3,20
123,v8,-4.5,538.5,50,3,20
123,v9,-7.5,577.5,40,3,40
123,v10,-1.5,619.5,20,3,20
123,v11,-4.5,408.5,50,3,40
123,v12,-7.5,607.5,40,3,40
123,v13,-1.5,449.5,30,3,40
123,v14,-4.5,588.5,20,3,20
123,v15,-7.5,337.5,10,3,40
123,v16,-1.5,739.5,30,3,30
123,v17,-4.5,808.5,20,3,20
123,v18,-7.5,797.5,40,3,20
123,v19,-1.5,639.5,30,3,20
123,v20,-4.5,938.5,20,3,20
124,v1,-1.5,269.5,10,3,40
124,v2,-4.5,8.5,30,3,20
124,v3,-7.5,387.5,30,3,20
124,v4,-1.5,369.5,50,3,40
124,v5,-4.5,388.5,20,3,30
124,v6,-7.5,377.5,20,3,20
124,v7,-1.5,379.5,50,3,20
124,v8,-4.5,488.5,40,3,20
124,v9,-7.5,537.5,40,3,40
124,v10,-1.5,599.5,50,3,20
124,v11,-4.5,358.5,30,3,40
124,v12,-7.5,567.5,10,3,40
124,v13,-1.5,419.5,40,3,40
124,v14,-4.5,568.5,10,3,20
124,v15,-7.5,327.5,20,3,40
124,v16,-1.5,709.5,20,3,30
124,v17,-4.5,788.5,40,3,20
124,v18,-7.5,757.5,30,3,20
124,v19,-1.5,609.5,20,3,20
124,v20,-4.5,918.5,10,3,20
125,v1,-1.5,259.5,30,3,40
125,v2,-4.5,4.5,0,0,20
125,v3,-7.5,357.5,40,3,20
125,v4,-1.5,319.5,20,3,40
125,v5,-4.5,368.5,40,3,30
125,v6,-7.5,357.5,30,3,20
125,v7,-1.5,329.5,30,3,20
125,v8,-4.5,448.5,30,3,20
125,v9,-7.5,497.5,50,3,40
125,v10,-1.5,549.5,50,3,20
125,v11,-4.5,328.5,10,3,40
125,v12,-7.5,557.5,30,3,40
125,v13,-1.5,379.5,30,3,40
125,v14,-4.5,558.5,20,3,20
125,v15,-7.5,307.5,10,3,40
125,v16,-1.5,689.5,10,3,30
125,v17,-4.5,748.5,40,3,20
125,v18,-7.5,727.5,30,3,20
125,v19,-1.5,589.5,20,3,20
125,v20,-4.5,908.5,40,3,20
126,v1,-1.5,229.5,50,3,40
126,v2,-4.5,4.5,0,0,20
126,v3,-7.5,317.5,30,3,20
126,v4,-1.5,299.5,10,3,40
126,v5,-4.5,328.5,30,3,30
126,v6,-7.5,327.5,30,3,20
126,v7,-1.5,299.5,50,3,20
126,v8,-4.5,418.5,20,3,20
126,v9,-7.5,447.5,20,3,40
126,v10,-1.5,499.5,20,3,20
126,v11,-4.5,318.5,40,3,40
126,v12,-7.5,527.5,20,3,40
126,v13,-1.5,349.5,40,3,40
126,v14,-4.5,538.5,50,3,20
126,v15,-7.5,297.5,30,3,40
126,v16,-1.5,679.5,40,3,30
126,v17,-4.5,708.5,50,3,20
126,v18,-7.5,697.5,40,3,20
126,v19,-1.5,569.5,50,3,20
126,v20,-4.5,868.5,20,3,20
127,v1,-1.5,179.5,20,3,40
127,v2,-4.5,4.5,0,0,20
127,v3,-7.5,287.5,50,3,20
127,v4,-1.5,289.5,10,3,40
127,v5,-4.5,298.5,50,3,30
127,v6,-7.5,297.5,40,3,20
127,v7,-1.5,249.5,50,3,20
127,v8,-4.5,398.5,30,3,20
127,v9,-7.5,427.5,10,3,40
127,v10,-1.5,479.5,50,3,20
127,v11,-4.5,278.5,10,3,40
127,v12,-7.5,507.5,10,3,40
127,v13,-1.5,309.5,50,3,40
127,v14,-4.5,488.5,50,3,20
127,v15,-7.5,267.5,20,3,40
127,v16,-1.5,639.5,50,3,30
127,v17,-4.5,658.5,50,3,20
127,v18,-7.5,657.5,20,3,20
127,v19,-1.5,519.5,20,3,20
127,v20,-4.5,848.5,30,3,20
128,v1,-1.5,159.5,50,3,40
128,v2,-4.5,4.5,0,0,20
128,v3,-7.5,237.5,40,3,20
128,v4,-1.5,279.5,10,3,40
128,v5,-4.5,248.5,20,3,30
128,v6,-7.5,257.5,50,3,20
128,v7,-1.5,199.5,40,3,20
128,v8,-4.5,368.5,10,3,20
128,v9,-7.5,417.5,50,3,40
128,v10,-1.5,429.5,40,3,20
128,v11,-4.5,268.5,10,3,40
128,v12,-7.5,497.5,40,3,40
128,v13,-1.5,259.5,20,3,40
128,v14,-4.5,438.5,50,3,20
128,v15,-7.5,247.5,40,3,40
128,v16,-1.5,589.5,40,3,30
128,v17,-4.5,608.5,50,3,20
128,v18,-7.5,637.5,10,3,20
128,v19,-1.5,499.5,50,3,20
128,v20,-4.5,818.5,40,3,20
129,v1,-1.5,109.5,30,3,40
129,v2,-4.5,4.5,0,0,20
129,v3,-7.5,197.5,10,3,20
129,v4,-1.5,269.5,40,3,40
129,v5,-4.5,228.5,30,3,30
129,v6,-7.5,207.5,10,3,20
129,v7,-1.5,159.5,20,3,20
129,v8,-4.5,358.5,50,3,20
129,v9,-7.5,367.5,10,3,40
129,v10,-1.5,389.5,10,3,20
129,v11,-4.5,258.5,40,3,40
129,v12,-7.5,457.5,30,3,40
129,v13,-1.5,239.5,10,3,40
129,v14,-4.5,388.5,50,3,20
129,v15,-7.5,207.5,10,3,40
129,v16,-1.5,549.5,10,3,30
129,v17,-4.5,558.5,40,3,20
129,v18,-7.5,627.5,10,3,20
129,v19,-1.5,449.5,30,3,20
129,v20,-4.5,778.5,40,3,20
130,v1,-1.5,79.5,20,3,40
130,v2,-4.5,4.5,0,0,20
130,v3,-7.5,187.5,20,3,20
130,v4,-1.5,229.5,40,3,40
130,v5,-4.5,198.5,30,3,30
130,v6,-7.5,197.5,40,3,20
130,v7,-1.5,139.5,40,3,20
130,v8,-4.5,308.5,40,3,20
130,v9,-7.5,357.5,40,3,40
130,v10,-1.5,379.5,10,3,20
130,v11,-4.5,218.5,50,3,40
130,v12,-7.5,427.5,20,3,40
130,v13,-1.5,229.5,30,3,40
130,v14,-4.5,338.5,10,3,20
130,v15,-7.5,197.5,20,3,40
130,v16,-1.5,539.5,50,3,30
130,v17,-4.5,518.5,40,3,20
130,v18,-7.5,617.5,50,3,20
130,v19,-1.5,419.5,20,3,20
130,v20,-4.5,738.5,20,3,20
131,v1,-1.5,59.5,10,3,40
131,v2,-4.5,4.5,0,0,20
131,v3,-7.5,167.5,10,3,20
131,v4,-1.5,189.5,30,3,40
131,v5,-4.5,168.5,40,3,30
131,v6,-7.5,157.5,50,3,20
131,v7,-1.5,99.5,40,3,20
131,v8,-4.5,268.5,50,3,20
131,v9,-7.5,317.5,40,3,40
131,v10,-1.5,369.5,20,3,20
131,v11,-4.5,168.5,20,3,40
131,v12,-7.5,407.5,40,3,40
131,v13,-1.5,199.5,30,3,40
131,v14,-4.5,328.5,20,3,20
131,v15,-7.5,177.5,30,3,40
131,v16,-1.5,489.5,20,3,30
131,v17,-4.5,478.5,10,3,20
131,v18,-7.5,567.5,10,3,20
131,v19,-1.5,399.5,40,3,20
131,v20,-4.5,718.5,50,3,20
132,v1,-1.5,49.5,10,3,40
132,v2,-4.5,4.5,0,0,20
132,v3,-7.5,157.5,20,3,20
132,v4,-1.5,159.5,20,3,40
132,v5,-4.5,128.5,10,3,30
132,v6,-7.5,107.5,10,3,20
132,v7,-1.5,59.5,50,3,20
132,v8,-4.5,218.5,10,3,20
132,v9,-7.5,277.5,40,3,40
132,v10,-1.5,349.5,50,3,20
132,v11,-4.5,148.5,10,3,40
132,v12,-7.5,367.5,20,3,40
132,v13,-1.5,169.5,10,3,40
132,v14,-4.5,308.5,40,3,20
132,v15,-7.5,147.5,40,3,40
132,v16,-1.5,469.5,20,3,30
132,v17,-4.5,468.5,50,3,20
132,v18,-7.5,557.5,20,3,20
132,v19,-1.5,359.5,10,3,20
132,v20,-4.5,668.5,20,3,20
133,v1,-1.5,39.5,50,3,40
133,v2,-4.5,4.5,0,0,20
133,v3,-7.5,137.5,30,3,20
133,v4,-1.5,139.5,20,3,40
133,v5,-4.5,118.5,50,3,30
133,v6,-7.5,97.5,30,3,20
133,v7,-1.5,9.5,50,3,20
133,v8,-4.5,208.5,50,3,20
133,v9,-7.5,237.5,30,3,40
133,v10,-1.5,299.5,20,3,20
133,v11,-4.5,138.5,30,3,40
133,v12,-7.5,347.5,20,3,40
133,v13,-1.5,159.5,50,3,40
133,v14,-4.5,268.5,20,3,20
133,v15,-7.5,107.5,40,3,40
133,v16,-1.5,449.5,30,3,30
133,v17,-4.5,418.5,30,3,20
133,v18,-7.5,537.5,10,3,20
133,v19,-1.5,349.5,50,3,20
133,v20,-4.5,648.5,50,3,20
134,v1,-1.5,1.5,0,0,40
134,v2,-4.5,4.5,0,0,20
134,v3,-7.5,107.5,20,3,20
134,v4,-1.5,119.5,40,3,40
134,v5,-4.5,68.5,50,3,30
134,v6,-7.5,67.5,40,3,20
134,v7,-1.5,1.5,0,0,20
134,v8,-4.5,158.5,10,3,20
134,v9,-7.5,207.5,30,3,40
134,v10,-1.5,279.5,40,3,20
134,v11,-4.5,108.5,50,3,40
134,v12,-7.5,327.5,30,3,40
134,v13,-1.5,109.5,40,3,40
134,v14,-4.5,248.5,40,3,20
134,v15,-7.5,67.5,20,3,40
134,v16,-1.5,419.5,30,3,30
134,v17,-4.5,388.5,40,3,20
134,v18,-7.5,527.5,20,3,20
134,v19,-1.5,299.5,50,3,20
134,v20,-4.5,598.5,40,3,20
135,v1,-1.5,1.5,0,0,40
135,v2,-4.5,4.5,0,0,20
135,v3,-7.5,87.5,20,3,20
135,v4,-1.5,79.5,20,3,40
135,v5,-4.5,18.5,30,3,30
135,v6,-7.5,27.5,20,3,20
135,v7,-1.5,1.5,0,0,20
135,v8,-4.5,148.5,40,3,20
135,v9,-7.5,177.5,10,3,40
135,v10,-1.5,239.5,50,3,20
135,v11,-4.5,58.5,40,3,40
135,v12,-7.5,297.5,40,3,40
135,v13,-1.5,69.5,50,3,40
135,v14,-4.5,208.5,50,3,20
135,v15,-7.5,47.5,20,3,40
135,v16,-1.5,389.5,40,3,30
135,v17,-4.5,348.5,20,3,20
135,v18,-7.5,507.5,30,3,20
135,v19,-1.5,249.5,20,3,20
135,v20,-4.5,558.5,30,3,20
136,v1,-1.5,1.5,0,0,40
136,v2,-4.5,4.5,0,0,20
136,v3,-7.5,67.5,10,3,20
136,v4,-1.5,59.5,40,3,40
136,v5,-4.5,4.5,0,0,30
136,v6,-7.5,7.5,0,0,20
136,v7,-1.5,1.5,0,0,20
136,v8,-4.5,108.5,30,3,20
136,v9,-7.5,167.5,10,3,40
136,v10,-1.5,189.5,50,3,20
136,v11,-4.5,18.5,20,3,40
136,v12,-7.5,257.5,10,3,40
136,v13,-1.5,19.5,30,3,40
136,v14,-4.5,158.5,40,3,20
136,v15,-7.5,27.5,50,3,40
136,v16,-1.5,349.5,50,3,30
136,v17,-4.5,328.5,10,3,20
136,v18,-7.5,477.5,10,3,20
136,v19,-1.5,229.5,20,3,20
136,v20,-4.5,528.5,50,3,20
137,v1,-1.5,1.5,0,0,40
137,v2,-4.5,4.5,0,0,20
137,v3,-7.5,57.5,50,3,20
137,v4,-1.5,19.5,20,3,40
137,v5,-4.5,4.5,0,0,30
137,v6,-7.5,7.5,0,0,20
137,v7,-1.5,1.5,0,0,20
137,v8,-4.5,78.5,40,3,20
137,v9,-7.5,157.5,20,3,40
137,v10,-1.5,139.5,30,3,20
137,v11,-4.5,4.5,0,0,40
137,v12,-7.5,247.5,30,3,40
137,v13,-1.5,1.5,0,0,40
137,v14,-4.5,118.5,10,3,20
137,v15,-7.5,7.5,0,0,40
137,v16,-1.5,299.5,20,3,30
137,v17,-4.5,318.5,20,3,20
137,v18,-7.5,467.5,10,3,20
137,v19,-1.5,209.5,40,3,20
137,v20,-4.5,478.5,20,3,20
138,v1,-1.5,1.5,0,0,40
138,v2,-4.5,4.5,0,0,20
138,v3,-7.5,7.5,0,0,20
138,v4,-1.5,1.5,0,0,40
138,v5,-4.5,4.5,0,0,30
138,v6,-7.5,7.5,0,0,20
138,v7,-1.5,1.5,0,0,20
138,v8,-4.5,38.5,50,3,20
138,v9,-7.5,137.5,20,3,40
138,v10,-1.5,109.5,40,3,20
138,v11,-4.5,4.5,0,0,40
138,v12,-7.5,217.5,20,3,40
138,v13,-1.5,1.5,0,0,40
138,v14,-4.5,108.5,50,3,20
138,v15,-7.5,7.5,0,0,40
138,v16,-1.5,279.5,30,3,30
138,v17,-4.5,298.5,30,3,20
138,v18,-7.5,457.5,40,3,20
138,v19,-1.5,169.5,40,3,20
138,v20,-4.5,458.5,50,3,20
139,v1,-1.5,1.5,0,0,40
139,v2,-4.5,4.5,0,0,20
139,v3,-7.5,7.5,0,0,20
139,v4,-1.5,1.5,0,0,40
139,v5,-4.5,4.5,0,0,30
139,v6,-7.5,7.5,0,0,20
139,v7,-1.5,1.5,0,0,20
139,v8,-4.5,4.5,0,0,20
139,v9,-7.5,117.5,30,3,40
139,v10,-1.5,69.5,30,3,20
139,v11,-4.5,4.5,0,0,40
139,v12,-7.5,197.5,30,3,40
139,v13,-1.5,1.5,0,0,40
139,v14,-4.5,58.5,30,3,20
139,v15,-7.5,7.5,0,0,40
139,v16,-1.5,249.5,50,3,30
139,v17,-4.5,268.5,40,3,20
139,v18,-7.5,417.5,40,3,20
139,v19,-1.5,129.5,10,3,20
139,v20,-4.5,408.5,40,3,20
140,v1,-1.5,1.5,0,0,40
140,v2,-4.5,4.5,0,0,20
140,v3,-7.5,7.5,0,0,20
140,v4,-1.5,1.5,0,0,40
140,v5,-4.5,4.5,0,0,30
140,v6,-7.5,7.5,0,0,20
140,v7,-1.5,1.5,0,0,20
140,v8,-4.5,4.5,0,0,20
140,v9,-7.5,87.5,30,3,40
140,v10,-1.5,39.5,20,3,20
140,v11,-4.5,4.5,0,0,40
140,v12,-7.5,167.5,30,3,40
140,v13,-1.5,1.5,0,0,40
140,v14,-4.5,28.5,30,3,20
140,v15,-7.5,7.5,0,0,40
140,v16,-1.5,199.5,40,3,30
140,v17,-4.5,228.5,10,3,20
140,v18,-7.5,377.5,50,3,20
140,v19,-1.5,119.5,20,3,20
140,v20,-4.5,368.5,20,3,20
141,v1,-1.5,1.5,0,0,40
141,v2,-4.5,4.5,0,0,20
141,v3,-7.5,7.5,0,0,20
141,v4,-1.5,1.5,0,0,40
141,v5,-4.5,4.5,0,0,30
141,v6,-7.5,7.5,0,0,20
141,v7,-1.5,1.5,0,0,20
141,v8,-4.5,4.5,0,0,20
141,v9,-7.5,57.5,10,3,40
141,v10,-1.5,19.5,30,3,20
141,v11,-4.5,4.5,0,0,40
141,v12,-7.5,137.5,50,3,40
141,v13,-1.5,1.5,0,0,40
141,v14,-4.5,4.5,0,0,20
141,v15,-7.5,7.5,0,0,40
141,v16,-1.5,159.5,50,3,30
141,v17,-4.5,218.5,50,3,20
141,v18,-7.5,327.5,40,3,20
141,v19,-1.5,99.5,30,3,20
141,v20,-4.5,348.5,20,3,20
142,v1,-1.5,1.5,0,0,40
142,v2,-4.5,4.5,0,0,20
142,v3,-7.5,7.5,0,0,20
142,v4,-1.5,1.5,0,0,40
142,v5,-4.5,4.5,0,0,30
142,v6,-7.5,7.5,0,0,20
142,v7,-1.5,1.5,0,0,20
142,v8,-4.5,4.5,0,0,20
142,v9,-7.5,47.5,20,3,40
142,v10,-1.5,1.5,0,0,20
142,v11,-4.5,4.5,0,0,40
142,v12,-7.5,87.5,30,3,40
142,v13,-1.5,1.5,0,0,40
142,v14,-4.5,4.5,0,0,20
142,v15,-7.5,7.5,0,0,40
142,v16,-1.5,109.5,20,3,30
142,v17,-4.5,168.5,40,3,20
142,v18,-7.5,287.5,50,3,20
142,v19,-1.5,69.5,20,3,20
142,v20,-4.5,328.5,40,3,20
143,v1,-1.5,1.5,0,0,40
143,v2,-4.5,4.5,0,0,20
143,v3,-7.5,7.5,0,0,20
143,v4,-1.5,1.5,0,0,40
143,v5,-4.5,4.5,0,0,30
143,v6,-7.5,7.5,0,0,20
143,v7,-1.5,1.5,0,0,20
143,v8,-4.5,4.5,0,0,20
143,v9,-7.5,27.5,50,3,40
143,v10,-1.5,1.5,0,0,20
143,v11,-4.5,4.5,0,0,40
143,v12,-7.5,57.5,30,3,40
143,v13,-1.5,1.5,0,0,40
143,v14,-4.5,4.5,0,0,20
143,v15,-7.5,7.5,0,0,40
143,v16,-1.5,89.5,30,3,30
143,v17,-4.5,128.5,40,3,20
143,v18,-7.5,237.5,40,3,20
143,v19,-1.5,49.5,40,3,20
143,v20,-4.5,288.5,20,3,20
144,v1,-1.5,1.5,0,0,40
144,v2,-4.5,4.5,0,0,20
144,v3,-7.5,7.5,0,0,20
144,v4,-1.5,1.5,0,0,40
144,v5,-4.5,4.5,0,0,30
144,v6,-7.5,7.5,0,0,20
144,v7,-1.5,1.5,0,0,20
144,v8,-4.5,4.5,0,0,20
144,v9,-7.5,7.5,0,0,40
144,v10,-1.5,1.5,0,0,20
144,v11,-4.5,4.5,0,0,40
144,v12,-7.5,27.5,30,3,40
144,v13,-1.5,1.5,0,0,40
144,v14,-4.5,4.5,0,0,20
144,v15,-7.5,7.5,0,0,40
144,v16,-1.5,59.5,20,3,30
144,v17,-4.5,88.5,20,3,20
144,v18,-7.5,197.5,50,3,20
144,v19,-1.5,9.5,40,3,20
144,v20,-4.5,268.5,20,3,20
145,v1,-1.5,1.5,0,0,40
145,v2,-4.5,4.5,0,0,20
145,v3,-7.5,7.5,0,0,20
145,v4,-1.5,1.5,0,0,40
145,v5,-4.5,4.5,0,0,30
145,v6,-7.5,7.5,0,0,20
145,v7,-1.5,1.5,0,0,20
145,v8,-4.5,4.5,0,0,20
145,v9,-7.5,7.5,0,0,40
145,v10,-1.5,1.5,0,0,20
145,v11,-4.5,4.5,0,0,40
145,v12,-7.5,7.5,0,0,40
145,v13,-1.5,1.5,0,0,40
145,v14,-4.5,4.5,0,0,20
145,v15,-7.5,7.5,0,0,40
145,v16,-1.5,39.5,50,3,30
145,v17,-4.5,68.5,10,3,20
145,v18,-7.5,147.5,50,3,20
145,v19,-1.5,1.5,0,0,20
145,v20,-4.5,248.5,10,3,20
146,v1,-1.5,1.5,0,0,40
146,v2,-4.5,4.5,0,0,20
146,v3,-7.5,7.5,0,0,20
146,v4,-1.5,1.5,0,0,40
146,v5,-4.5,4.5,0,0,30
146,v6,-7.5,7.5,0,0,20
146,v7,-1.5,1.5,0,0,20
146,v8,-4.5,4.5,0,0,20
146,v9,-7.5,7.5,0,0,40
146,v10,-1.5,1.5,0,0,20
146,v11,-4.5,4.5,0,0,40
146,v12,-7.5,7.5,0,0,40
146,v13,-1.5,1.5,0,0,40
146,v14,-4.5,4.5,0,0,20
146,v15,-7.5,7.5,0,0,40
146,v16,-1.5,1.5,0,0,30
146,v17,-4.5,58.5,10,3,20
146,v18,-7.5,97.5,10,3,20
146,v19,-1.5,1.5,0,0,20
146,v20,-4.5,238.5,10,3,20
147,v1,-1.5,1.5,0,0,40
147,v2,-4.5,4.5,0,0,20
147,v3,-7.5,7.5,0,0,20
147,v4,-1.5,1.5,0,0,40
147,v5,-4.5,4.5,0,0,30
147,v6,-7.5,7.5,0,0,20
147,v7,-1.5,1.5,0,0,20
147,v8,-4.5,4.5,0,0,20
147,v9,-7.5,7.5,0,0,40
147,v10,-1.5,1.5,0,0,20
147,v11,-4.5,4.5,0,0,40
147,v12,-7.5,7.5,0,0,40
147,v13,-1.5,1.5,0,0,40
147,v14,-4.5,4.5,0,0,20
147,v15,-7.5,7.5,0,0,40
147,v16,-1.5,1.5,0,0,30
147,v17,-4.5,48.5,40,3,20
147,v18,-7.5,87.5,20,3,20
147,v19,-1.5,1.5,0,0,20
147,v20,-4.5,228.5,20,3,20
148,v1,-1.5,1.5,0,0,40
148,v2,-4.5,4.5,0,0,20
148,v3,-7.5,7.5,0,0,20
148,v4,-1.5,1.5,0,0,40
148,v5,-4.5,4.5,0,0,30
148,v6,-7.5,7.5,0,0,20
148,v7,-1.5,1.5,0,0,20
148,v8,-4.5,4.5,0,0,20
148,v9,-7.5,7.5,0,0,40
148,v10,-1.5,1.5,0,0,20
148,v11,-4.5,4.5,0,0,40
148,v12,-7.5,7.5,0,0,40
148,v13,-1.5,1.5,0,0,40
148,v14,-4.5,4.5,0,0,20
148,v15,-7.5,7.5,0,0,40
148,v16,-1.5,1.5,0,0,30
148,v17,-4.5,8.5,10,3,20
148,v18,-7.5,67.5,20,3,20
148,v19,-1.5,1.5,0,0,20
148,v20,-4.5,208.5,10,3,20
149,v1,-1.5,1.5,0,0,40
149,v2,-4.5,4.5,0,0,20
149,v3,-7.5,7.5,0,0,20
149,v4,-1.5,1.5,0,0,40
149,v5,-4.5,4.5,0,0,30
149,v6,-7.5,7.5,0,0,20
149,v7,-1.5,1.5,0,0,20
149,v8,-4.5,4.5,0,0,20
149,v9,-7.5,7.5,0,0,40
149,v10,-1.5,1.5,0,0,20
149,v11,-4.5,4.5,0,0,40
149,v12,-7.5,7.5,0,0,40
149,v13,-1.5,1.5,0,0,40
149,v14,-4.5,4.5,0,0,20
149,v15,-7.5,7.5,0,0,40
149,v16,-1.5,1.5,0,0,30
149,v17,-4.5,4.5,0,0,20
149,v18,-7.5,47.5,20,3,20
149,v19,-1.5,1.5,0,0,20
149,v20,-4.5,198.5,50,3,20
150,v1,-1.5,1.5,0,0,40
150,v2,-4.5,4.5,0,0,20
150,v3,-7.5,7.5,0,0,20
150,v4,-1.5,1.5,0,0,40
150,v5,-4.5,4.5,0,0,30
150,v6,-7.5,7.5,0,0,20
150,v7,-1.5,1.5,0,0,20
150,v8,-4.5,4.5,0,0,20
150,v9,-7.5,7.5,0,0,40
150,v10,-1.5,1.5,0,0,20
150,v11,-4.5,4.5,0,0,40
150,v12,-7.5,7.5,0,0,40
150,v13,-1.5,1.5,0,0,40
150,v14,-4.5,4.5,0,0,20
150,v15,-7.5,7.5,0,0,40
150,v16,-1.5,1.5,0,0,30
150,v17,-4.5,4.5,0,0,20
150,v18,-7.5,27.5,40,3,20
150,v19,-1.5,1.5,0,0,20
150,v20,-4.5,148.5,30,3,20
151,v1,-1.5,1.5,0,0,40
151,v2,-4.5,4.5,0,0,20
151,v3,-7.5,7.5,0,0,20
151,v4,-1.5,1.5,0,0,40
151,v5,-4.5,4.5,0,0,30
151,v6,-7.5,7.5,0,0,20
151,v7,-1.5,1.5,0,0,20
151,v8,-4.5,4.5,0,0,20
151,v9,-7.5,7.5,0,0,40
151,v10,-1.5,1.5,0,0,20
151,v11,-4.5,4.5,0,0,40
151,v12,-7.5,7.5,0,0,40
151,v13,-1.5,1.5,0,0,40
151,v14,-4.5,4.5,0,0,20
151,v15,-7.5,7.5,0,0,40
151,v16,-1.5,1.5,0,0,30
151,v17,-4.5,4.5,0,0,20
151,v18,-7.5,7.5,0,0,20
151,v19,-1.5,1.5,0,0,20
151,v20,-4.5,118.5,10,3,20
152,v1,-1.5,1.5,0,0,40
152,v2,-4.5,4.5,0,0,20
152,v3,-7.5,7.5,0,0,20
152,v4,-1.5,1.5,0,0,40
152,v5,-4.5,4.5,0,0,30
152,v6,-7.5,7.5,0,0,20
152,v7,-1.5,1.5,0,0,20
152,v8,-4.5,4.5,0,0,20
152,v9,-7.5,7.5,0,0,40
152,v10,-1.5,1.5,0,0,20
152,v11,-4.5,4.5,0,0,40
152,v12,-7.5,7.5,0,0,40
152,v13,-1.5,1.5,0,0,40
152,v14,-4.5,4.5,0,0,20
152,v15,-7.5,7.5,0,0,40
152,v16,-1.5,1.5,0,0,30
152,v17,-4.5,4.5,0,0,20
152,v18,-7.5,7.5,0,0,20
152,v19,-1.5,1.5,0,0,20
152,v20,-4.5,108.5,50,3,20
153,v1,-1.5,1.5,0,0,40
153,v2,-4.5,4.5,0,0,20
153,v3,-7.5,7.5,0,0,20
153,v4,-1.5,1.5,0,0,40
153,v5,-4.5,4.5,0,0,30
153,v6,-7.5,7.5,0,0,20
153,v7,-1.5,1.5,0,0,20
153,v8,-4.5,4.5,0,0,20
153,v9,-7.5,7.5,0,0,40
153,v10,-1.5,1.5,0,0,20
153,v11,-4.5,4.5,0,0,40
153,v12,-7.5,7.5,0,0,40
153,v13,-1.5,1.5,0,0,40
153,v14,-4.5,4.5,0,0,20
153,v15,-7.5,7.5,0,0,40
153,v16,-1.5,1.5,0,0,30
153,v17,-4.5,4.5,0,0,20
153,v18,-7.5,7.5,0,0,20
153,v19,-1.5,1.5,0,0,20
153,v20,-4.5,58.5,50,3,20
154,v1,-1.5,1.5,0,0,40
154,v2,-4.5,4.5,0,0,20
154,v3,-7.5,7.5,0,0,20
154,v4,-1.5,1.5,0,0,40
154,v5,-4.5,4.5,0,0,30
154,v6,-7.5,7.5,0,0,20
154,v7,-1.5,1.5,0,0,20
154,v8,-4.5,4.5,0,0,20
154,v9,-7.5,7.5,0,0,40
154,v10,-1.5,1.5,0,0,20
154,v11,-4.5,4.5,0,0,40
154,v12,-7.5,7.5,0,0,40
154,v13,-1.5,1.5,0,0,40
154,v14,-4.5,4.5,0,0,20
154,v15,-7.5,7.5,0,0,40
154,v16,-1.5,1.5,0,0,30
154,v17,-4.5,4.5,0,0,20
154,v18,-7.5,7.5,0,0,20
154,v19,-1.5,1.5,0,0,20
154,v20,-4.5,8.5,40,3,20
