time,car_ID,x_axis,y_axis,speed,direction,transmitter_SNR
0,v1,0,0,20,0,40
0,v2,0,3,0,0,20
0,v3,5000,6,0,1,20
0,v4,5000,9,0,1,40
0,v5,0,0,0,0,30
0,v6,0,3,0,0,20
0,v7,5000,6,0,1,20
0,v8,5000,9,0,1,20
0,v9,0,0,0,0,40
0,v10,0,3,0,0,20
0,v11,5000,6,0,1,40
0,v12,5000,9,0,1,40
0,v13,0,0,0,0,40
0,v14,0,3,0,0,20
0,v15,5000,6,0,1,40
0,v16,5000,9,0,1,30
0,v17,0,0,0,0,20
0,v18,0,3,0,0,20
0,v19,5000,6,0,1,20
0,v20,5000,9,0,1,20
1,v1,20,0,50,0,40
1,v2,0,3,50,0,20
1,v3,5000,6,0,1,20
1,v4,5000,9,0,1,40
1,v5,0,0,0,0,30
1,v6,0,3,0,0,20
1,v7,5000,6,0,1,20
1,v8,5000,9,0,1,20
1,v9,0,0,0,0,40
1,v10,0,3,0,0,20
1,v11,5000,6,0,1,40
1,v12,5000,9,0,1,40
1,v13,0,0,0,0,40
1,v14,0,3,0,0,20
1,v15,5000,6,0,1,40
1,v16,5000,9,0,1,30
1,v17,0,0,0,0,20
1,v18,0,3,0,0,20
1,v19,5000,6,0,1,20
1,v20,5000,9,0,1,20
2,v1,70,0,10,0,40
2,v2,50,3,50,0,20
2,v3,5000,6,20,1,20
2,v4,5000,9,0,1,40
2,v5,0,0,0,0,30
2,v6,0,3,0,0,20
2,v7,5000,6,0,1,20
2,v8,5000,9,0,1,20
2,v9,0,0,0,0,40
2,v10,0,3,0,0,20
2,v11,5000,6,0,1,40
2,v12,5000,9,0,1,40
2,v13,0,0,0,0,40
2,v14,0,3,0,0,20
2,v15,5000,6,0,1,40
2,v16,5000,9,0,1,30
2,v17,0,0,0,0,20
2,v18,0,3,0,0,20
2,v19,5000,6,0,1,20
2,v20,5000,9,0,1,20
3,v1,80,0,50,0,40
3,v2,100,3,40,0,20
3,v3,4980,6,20,1,20
3,v4,5000,9,40,1,40
3,v5,0,0,0,0,30
3,v6,0,3,0,0,20
3,v7,5000,6,0,1,20
3,v8,5000,9,0,1,20
3,v9,0,0,0,0,40
3,v10,0,3,0,0,20
3,v11,5000,6,0,1,40
3,v12,5000,9,0,1,40
3,v13,0,0,0,0,40
3,v14,0,3,0,0,20
3,v15,5000,6,0,1,40
3,v16,5000,9,0,1,30
3,v17,0,0,0,0,20
3,v18,0,3,0,0,20
3,v19,5000,6,0,1,20
3,v20,5000,9,0,1,20
4,v1,130,0,50,0,40
4,v2,140,3,30,0,20
4,v3,4960,6,10,1,20
4,v4,4960,9,20,1,40
4,v5,0,0,40,0,30
4,v6,0,3,0,0,20
4,v7,5000,6,0,1,20
4,v8,5000,9,0,1,20
4,v9,0,0,0,0,40
4,v10,0,3,0,0,20
4,v11,5000,6,0,1,40
4,v12,5000,9,0,1,40
4,v13,0,0,0,0,40
4,v14,0,3,0,0,20
4,v15,5000,6,0,1,40
4,v16,5000,9,0,1,30
4,v17,0,0,0,0,20
4,v18,0,3,0,0,20
4,v19,5000,6,0,1,20
4,v20,5000,9,0,1,20
5,v1,180,0,30,0,40
5,v2,170,3,30,0,20
5,v3,4950,6,20,1,20
5,v4,4940,9,20,1,40
5,v5,40,0,30,0,30
5,v6,0,3,10,0,20
5,v7,5000,6,0,1,20
5,v8,5000,9,0,1,20
5,v9,0,0,0,0,40
5,v10,0,3,0,0,20
5,v11,5000,6,0,1,40
5,v12,5000,9,0,1,40
5,v13,0,0,0,0,40
5,v14,0,3,0,0,20
5,v15,5000,6,0,1,40
5,v16,5000,9,0,1,30
5,v17,0,0,0,0,20
5,v18,0,3,0,0,20
5,v19,5000,6,0,1,20
5,v20,5000,9,0,1,20
6,v1,210,0,10,0,40
6,v2,200,3,40,0,20
6,v3,4930,6,10,1,20
6,v4,4920,9,30,1,40
6,v5,70,0,30,0,30
6,v6,10,3,50,0,20
6,v7,5000,6,30,1,20
6,v8,5000,9,0,1,20
6,v9,0,0,0,0,40
6,v10,0,3,0,0,20
6,v11,5000,6,0,1,40
6,v12,5000,9,0,1,40
6,v13,0,0,0,0,40
6,v14,0,3,0,0,20
6,v15,5000,6,0,1,40
6,v16,5000,9,0,1,30
6,v17,0,0,0,0,20
6,v18,0,3,0,0,20
6,v19,5000,6,0,1,20
6,v20,5000,9,0,1,20
7,v1,220,0,10,0,40
7,v2,240,3,40,0,20
7,v3,4920,6,50,1,20
7,v4,4890,9,10,1,40
7,v5,100,0,40,0,30
7,v6,60,3,10,0,20
7,v7,4970,6,50,1,20
7,v8,5000,9,30,1,20
7,v9,0,0,0,0,40
7,v10,0,3,0,0,20
7,v11,5000,6,0,1,40
7,v12,5000,9,0,1,40
7,v13,0,0,0,0,40
7,v14,0,3,0,0,20
7,v15,5000,6,0,1,40
7,v16,5000,9,0,1,30
7,v17,0,0,0,0,20
7,v18,0,3,0,0,20
7,v19,5000,6,0,1,20
7,v20,5000,9,0,1,20
8,v1,230,0,50,0,40
8,v2,280,3,30,0,20
8,v3,4870,6,50,1,20
8,v4,4880,9,20,1,40
8,v5,140,0,10,0,30
8,v6,70,3,10,0,20
8,v7,4920,6,20,1,20
8,v8,4970,9,30,1,20
8,v9,0,0,10,0,40
8,v10,0,3,0,0,20
8,v11,5000,6,0,1,40
8,v12,5000,9,0,1,40
8,v13,0,0,0,0,40
8,v14,0,3,0,0,20
8,v15,5000,6,0,1,40
8,v16,5000,9,0,1,30
8,v17,0,0,0,0,20
8,v18,0,3,0,0,20
8,v19,5000,6,0,1,20
8,v20,5000,9,0,1,20
9,v1,280,0,20,0,40
9,v2,310,3,10,0,20
9,v3,4820,6,40,1,20
9,v4,4860,9,30,1,40
9,v5,150,0,40,0,30
9,v6,80,3,30,0,20
9,v7,4900,6,20,1,20
9,v8,4940,9,30,1,20
9,v9,10,0,30,0,40
9,v10,0,3,20,0,20
9,v11,5000,6,0,1,40
9,v12,5000,9,0,1,40
9,v13,0,0,0,0,40
9,v14,0,3,0,0,20
9,v15,5000,6,0,1,40
9,v16,5000,9,0,1,30
9,v17,0,0,0,0,20
9,v18,0,3,0,0,20
9,v19,5000,6,0,1,20
9,v20,5000,9,0,1,20
10,v1,300,0,30,0,40
10,v2,320,3,10,0,20
10,v3,4780,6,50,1,20
10,v4,4830,9,20,1,40
10,v5,190,0,50,0,30
10,v6,110,3,20,0,20
10,v7,4880,6,20,1,20
10,v8,4910,9,40,1,20
10,v9,40,0,40,0,40
10,v10,20,3,30,0,20
10,v11,5000,6,50,1,40
10,v12,5000,9,0,1,40
10,v13,0,0,0,0,40
10,v14,0,3,0,0,20
10,v15,5000,6,0,1,40
10,v16,5000,9,0,1,30
10,v17,0,0,0,0,20
10,v18,0,3,0,0,20
10,v19,5000,6,0,1,20
10,v20,5000,9,0,1,20
11,v1,330,0,20,0,40
11,v2,330,3,30,0,20
11,v3,4730,6,10,1,20
11,v4,4810,9,20,1,40
11,v5,240,0,10,0,30
11,v6,130,3,30,0,20
11,v7,4860,6,40,1,20
11,v8,4870,9,30,1,20
11,v9,80,0,10,0,40
11,v10,50,3,20,0,20
11,v11,4950,6,50,1,40
11,v12,5000,9,30,1,40
11,v13,0,0,0,0,40
11,v14,0,3,0,0,20
11,v15,5000,6,0,1,40
11,v16,5000,9,0,1,30
11,v17,0,0,0,0,20
11,v18,0,3,0,0,20
11,v19,5000,6,0,1,20
11,v20,5000,9,0,1,20
12,v1,350,0,20,0,40
12,v2,360,3,40,0,20
12,v3,4720,6,40,1,20
12,v4,4790,9,40,1,40
12,v5,250,0,20,0,30
12,v6,160,3,30,0,20
12,v7,4820,6,20,1,20
12,v8,4840,9,20,1,20
12,v9,90,0,50,0,40
12,v10,70,3,50,0,20
12,v11,4900,6,30,1,40
12,v12,4970,9,50,1,40
12,v13,0,0,40,0,40
12,v14,0,3,0,0,20
12,v15,5000,6,0,1,40
12,v16,5000,9,0,1,30
12,v17,0,0,0,0,20
12,v18,0,3,0,0,20
12,v19,5000,6,0,1,20
12,v20,5000,9,0,1,20
13,v1,370,0,50,0,40
13,v2,400,3,40,0,20
13,v3,4680,6,30,1,20
13,v4,4750,9,20,1,40
13,v5,270,0,20,0,30
13,v6,190,3,50,0,20
13,v7,4800,6,40,1,20
13,v8,4820,9,10,1,20
13,v9,140,0,10,0,40
13,v10,120,3,10,0,20
13,v11,4870,6,20,1,40
13,v12,4920,9,20,1,40
13,v13,40,0,40,0,40
13,v14,0,3,50,0,20
13,v15,5000,6,0,1,40
13,v16,5000,9,0,1,30
13,v17,0,0,0,0,20
13,v18,0,3,0,0,20
13,v19,5000,6,0,1,20
13,v20,5000,9,0,1,20
14,v1,420,0,10,0,40
14,v2,440,3,40,0,20
14,v3,4650,6,40,1,20
14,v4,4730,9,50,1,40
14,v5,290,0,40,0,30
14,v6,240,3,50,0,20
14,v7,4760,6,30,1,20
14,v8,4810,9,50,1,20
14,v9,150,0,10,0,40
14,v10,130,3,10,0,20
14,v11,4850,6,50,1,40
14,v12,4900,9,30,1,40
14,v13,80,0,30,0,40
14,v14,50,3,10,0,20
14,v15,5000,6,30,1,40
14,v16,5000,9,0,1,30
14,v17,0,0,0,0,20
14,v18,0,3,0,0,20
14,v19,5000,6,0,1,20
14,v20,5000,9,0,1,20
15,v1,430,0,40,0,40
15,v2,480,3,20,0,20
15,v3,4610,6,40,1,20
15,v4,4680,9,10,1,40
15,v5,330,0,30,0,30
15,v6,290,3,50,0,20
15,v7,4730,6,20,1,20
15,v8,4760,9,50,1,20
15,v9,160,0,10,0,40
15,v10,140,3,30,0,20
15,v11,4800,6,50,1,40
15,v12,4870,9,50,1,40
15,v13,110,0,20,0,40
15,v14,60,3,20,0,20
15,v15,4970,6,30,1,40
15,v16,5000,9,20,1,30
15,v17,0,0,0,0,20
15,v18,0,3,0,0,20
15,v19,5000,6,0,1,20
15,v20,5000,9,0,1,20
16,v1,470,0,50,0,40
16,v2,500,3,50,0,20
16,v3,4570,6,10,1,20
16,v4,4670,9,50,1,40
16,v5,360,0,30,0,30
16,v6,340,3,40,0,20
16,v7,4710,6,10,1,20
16,v8,4710,9,10,1,20
16,v9,170,0,30,0,40
16,v10,170,3,30,0,20
16,v11,4750,6,20,1,40
16,v12,4820,9,10,1,40
16,v13,130,0,20,0,40
16,v14,80,3,50,0,20
16,v15,4940,6,10,1,40
16,v16,4980,9,10,1,30
16,v17,0,0,40,0,20
16,v18,0,3,0,0,20
16,v19,5000,6,0,1,20
16,v20,5000,9,0,1,20
17,v1,520,0,10,0,40
17,v2,550,3,50,0,20
17,v3,4560,6,20,1,20
17,v4,4620,9,20,1,40
17,v5,390,0,40,0,30
17,v6,380,3,50,0,20
17,v7,4700,6,20,1,20
17,v8,4700,9,30,1,20
17,v9,200,0,50,0,40
17,v10,200,3,50,0,20
17,v11,4730,6,40,1,40
17,v12,4810,9,20,1,40
17,v13,150,0,50,0,40
17,v14,130,3,20,0,20
17,v15,4930,6,30,1,40
17,v16,4970,9,40,1,30
17,v17,40,0,30,0,20
17,v18,0,3,40,0,20
17,v19,5000,6,0,1,20
17,v20,5000,9,0,1,20
18,v1,530,0,50,0,40
18,v2,600,3,40,0,20
18,v3,4540,6,10,1,20
18,v4,4600,9,20,1,40
18,v5,430,0,20,0,30
18,v6,430,3,10,0,20
18,v7,4680,6,30,1,20
18,v8,4670,9,10,1,20
18,v9,250,0,50,0,40
18,v10,250,3,50,0,20
18,v11,4690,6,20,1,40
18,v12,4790,9,50,1,40
18,v13,200,0,20,0,40
18,v14,150,3,10,0,20
18,v15,4900,6,10,1,40
18,v16,4930,9,10,1,30
18,v17,70,0,20,0,20
18,v18,40,3,10,0,20
18,v19,5000,6,10,1,20
18,v20,5000,9,0,1,20
19,v1,580,0,30,0,40
19,v2,640,3,10,0,20
19,v3,4530,6,50,1,20
19,v4,4580,9,20,1,40
19,v5,450,0,30,0,30
19,v6,440,3,40,0,20
19,v7,4650,6,20,1,20
19,v8,4660,9,50,1,20
19,v9,300,0,20,0,40
19,v10,300,3,50,0,20
19,v11,4670,6,50,1,40
19,v12,4740,9,40,1,40
19,v13,220,0,20,0,40
19,v14,160,3,40,0,20
19,v15,4890,6,40,1,40
19,v16,4920,9,20,1,30
19,v17,90,0,10,0,20
19,v18,50,3,10,0,20
19,v19,4990,6,40,1,20
19,v20,5000,9,30,1,20
20,v1,610,0,40,0,40
20,v2,650,3,40,0,20
20,v3,4480,6,40,1,20
20,v4,4560,9,10,1,40
20,v5,480,0,10,0,30
20,v6,480,3,10,0,20
20,v7,4630,6,40,1,20
20,v8,4610,9,30,1,20
20,v9,320,0,10,0,40
20,v10,350,3,20,0,20
20,v11,4620,6,20,1,40
20,v12,4700,9,20,1,40
20,v13,240,0,50,0,40
20,v14,200,3,40,0,20
20,v15,4850,6,20,1,40
20,v16,4900,9,40,1,30
20,v17,100,0,20,0,20
20,v18,60,3,30,0,20
20,v19,4950,6,40,1,20
20,v20,4970,9,20,1,20
21,v1,650,0,10,0,40
21,v2,690,3,40,0,20
21,v3,4440,6,50,1,20
21,v4,4550,9,10,1,40
21,v5,490,0,10,0,30
21,v6,490,3,50,0,20
21,v7,4590,6,10,1,20
21,v8,4580,9,10,1,20
21,v9,330,0,20,0,40
21,v10,370,3,20,0,20
21,v11,4600,6,40,1,40
21,v12,4680,9,40,1,40
21,v13,290,0,40,0,40
21,v14,240,3,20,0,20
21,v15,4830,6,40,1,40
21,v16,4860,9,10,1,30
21,v17,120,0,20,0,20
21,v18,90,3,40,0,20
21,v19,4910,6,10,1,20
21,v20,4950,9,40,1,20
22,v1,660,0,30,0,40
22,v2,730,3,40,0,20
22,v3,4390,6,30,1,20
22,v4,4540,9,40,1,40
22,v5,500,0,50,0,30
22,v6,540,3,40,0,20
22,v7,4580,6,20,1,20
22,v8,4570,9,20,1,20
22,v9,350,0,30,0,40
22,v10,390,3,20,0,20
22,v11,4560,6,10,1,40
22,v12,4640,9,50,1,40
22,v13,330,0,50,0,40
22,v14,260,3,10,0,20
22,v15,4790,6,30,1,40
22,v16,4850,9,10,1,30
22,v17,140,0,10,0,20
22,v18,130,3,50,0,20
22,v19,4900,6,40,1,20
22,v20,4910,9,50,1,20
23,v1,690,0,50,0,40
23,v2,770,3,20,0,20
23,v3,4360,6,10,1,20
23,v4,4500,9,50,1,40
23,v5,550,0,10,0,30
23,v6,580,3,20,0,20
23,v7,4560,6,10,1,20
23,v8,4550,9,50,1,20
23,v9,380,0,10,0,40
23,v10,410,3,20,0,20
23,v11,4550,6,40,1,40
23,v12,4590,9,10,1,40
23,v13,380,0,50,0,40
23,v14,270,3,20,0,20
23,v15,4760,6,50,1,40
23,v16,4840,9,50,1,30
23,v17,150,0,10,0,20
23,v18,180,3,50,0,20
23,v19,4860,6,10,1,20
23,v20,4860,9,40,1,20
24,v1,740,0,50,0,40
24,v2,790,3,50,0,20
24,v3,4350,6,50,1,20
24,v4,4450,9,30,1,40
24,v5,560,0,30,0,30
24,v6,600,3,20,0,20
24,v7,4550,6,30,1,20
24,v8,4500,9,20,1,20
24,v9,390,0,30,0,40
24,v10,430,3,40,0,20
24,v11,4510,6,20,1,40
24,v12,4580,9,30,1,40
24,v13,430,0,40,0,40
24,v14,290,3,30,0,20
24,v15,4710,6,10,1,40
24,v16,4790,9,10,1,30
24,v17,160,0,40,0,20
24,v18,230,3,50,0,20
24,v19,4850,6,50,1,20
24,v20,4820,9,10,1,20
25,v1,790,0,10,0,40
25,v2,840,3,50,0,20
25,v3,4300,6,20,1,20
25,v4,4420,9,50,1,40
25,v5,590,0,30,0,30
25,v6,620,3,20,0,20
25,v7,4520,6,30,1,20
25,v8,4480,9,10,1,20
25,v9,420,0,20,0,40
25,v10,470,3,30,0,20
25,v11,4490,6,30,1,40
25,v12,4550,9,20,1,40
25,v13,470,0,40,0,40
25,v14,320,3,50,0,20
25,v15,4700,6,30,1,40
25,v16,4780,9,50,1,30
25,v17,200,0,50,0,20
25,v18,280,3,10,0,20
25,v19,4800,6,50,1,20
25,v20,4810,9,30,1,20
26,v1,800,0,10,0,40
26,v2,890,3,20,0,20
26,v3,4280,6,30,1,20
26,v4,4370,9,10,1,40
26,v5,620,0,10,0,30
26,v6,640,3,50,0,20
26,v7,4490,6,20,1,20
26,v8,4470,9,30,1,20
26,v9,440,0,30,0,40
26,v10,500,3,50,0,20
26,v11,4460,6,20,1,40
26,v12,4530,9,30,1,40
26,v13,510,0,20,0,40
26,v14,370,3,30,0,20
26,v15,4670,6,50,1,40
26,v16,4730,9,40,1,30
26,v17,250,0,30,0,20
26,v18,290,3,10,0,20
26,v19,4750,6,10,1,20
26,v20,4780,9,40,1,20
27,v1,810,0,30,0,40
27,v2,910,3,10,0,20
27,v3,4250,6,10,1,20
27,v4,4360,9,30,1,40
27,v5,630,0,20,0,30
27,v6,690,3,30,0,20
27,v7,4470,6,20,1,20
27,v8,4440,9,40,1,20
27,v9,470,0,50,0,40
27,v10,550,3,40,0,20
27,v11,4440,6,50,1,40
27,v12,4500,9,10,1,40
27,v13,530,0,10,0,40
27,v14,400,3,10,0,20
27,v15,4620,6,20,1,40
27,v16,4690,9,50,1,30
27,v17,280,0,10,0,20
27,v18,300,3,30,0,20
27,v19,4740,6,50,1,20
27,v20,4740,9,50,1,20
28,v1,840,0,20,0,40
28,v2,920,3,40,0,20
28,v3,4240,6,20,1,20
28,v4,4330,9,10,1,40
28,v5,650,0,30,0,30
28,v6,720,3,30,0,20
28,v7,4450,6,10,1,20
28,v8,4400,9,30,1,20
28,v9,520,0,20,0,40
28,v10,590,3,20,0,20
28,v11,4390,6,10,1,40
28,v12,4490,9,30,1,40
28,v13,540,0,50,0,40
28,v14,410,3,40,0,20
28,v15,4600,6,50,1,40
28,v16,4640,9,20,1,30
28,v17,290,0,20,0,20
28,v18,330,3,20,0,20
28,v19,4690,6,20,1,20
28,v20,4690,9,40,1,20
29,v1,860,0,10,0,40
29,v2,960,3,20,0,20
29,v3,4220,6,30,1,20
29,v4,4320,9,40,1,40
29,v5,680,0,20,0,30
29,v6,750,3,30,0,20
29,v7,4440,6,20,1,20
29,v8,4370,9,10,1,20
29,v9,540,0,40,0,40
29,v10,610,3,10,0,20
29,v11,4380,6,40,1,40
29,v12,4460,9,20,1,40
29,v13,590,0,20,0,40
29,v14,450,3,40,0,20
29,v15,4550,6,30,1,40
29,v16,4620,9,30,1,30
29,v17,310,0,20,0,20
29,v18,350,3,20,0,20
29,v19,4670,6,10,1,20
29,v20,4650,9,20,1,20
30,v1,870,0,40,0,40
30,v2,980,3,30,0,20
30,v3,4190,6,30,1,20
30,v4,4280,9,10,1,40
30,v5,700,0,30,0,30
30,v6,780,3,30,0,20
30,v7,4420,6,50,1,20
30,v8,4360,9,40,1,20
30,v9,580,0,50,0,40
30,v10,620,3,30,0,20
30,v11,4340,6,10,1,40
30,v12,4440,9,10,1,40
30,v13,610,0,30,0,40
30,v14,490,3,20,0,20
30,v15,4520,6,50,1,40
30,v16,4590,9,30,1,30
30,v17,330,0,10,0,20
30,v18,370,3,10,0,20
30,v19,4660,6,50,1,20
30,v20,4630,9,40,1,20
31,v1,910,0,30,0,40
31,v2,1010,3,30,0,20
31,v3,4160,6,40,1,20
31,v4,4270,9,50,1,40
31,v5,730,0,50,0,30
31,v6,810,3,10,0,20
31,v7,4370,6,40,1,20
31,v8,4320,9,50,1,20
31,v9,630,0,20,0,40
31,v10,650,3,30,0,20
31,v11,4330,6,10,1,40
31,v12,4430,9,40,1,40
31,v13,640,0,10,0,40
31,v14,510,3,50,0,20
31,v15,4470,6,50,1,40
31,v16,4560,9,20,1,30
31,v17,340,0,30,0,20
31,v18,380,3,40,0,20
31,v19,4610,6,10,1,20
31,v20,4590,9,30,1,20
32,v1,940,0,50,0,40
32,v2,1040,3,30,0,20
32,v3,4120,6,10,1,20
32,v4,4220,9,30,1,40
32,v5,780,0,50,0,30
32,v6,820,3,30,0,20
32,v7,4330,6,40,1,20
32,v8,4270,9,30,1,20
32,v9,650,0,40,0,40
32,v10,680,3,30,0,20
32,v11,4320,6,50,1,40
32,v12,4390,9,20,1,40
32,v13,650,0,20,0,40
32,v14,560,3,40,0,20
32,v15,4420,6,40,1,40
32,v16,4540,9,20,1,30
32,v17,370,0,50,0,20
32,v18,420,3,50,0,20
32,v19,4600,6,30,1,20
32,v20,4560,9,40,1,20
33,v1,990,0,50,0,40
33,v2,1070,3,10,0,20
33,v3,4110,6,30,1,20
33,v4,4190,9,30,1,40
33,v5,830,0,20,0,30
33,v6,850,3,40,0,20
33,v7,4290,6,50,1,20
33,v8,4240,9,50,1,20
33,v9,690,0,30,0,40
33,v10,710,3,40,0,20
33,v11,4270,6,40,1,40
33,v12,4370,9,40,1,40
33,v13,670,0,20,0,40
33,v14,600,3,50,0,20
33,v15,4380,6,40,1,40
33,v16,4520,9,20,1,30
33,v17,420,0,10,0,20
33,v18,470,3,30,0,20
33,v19,4570,6,50,1,20
33,v20,4520,9,50,1,20
34,v1,1040,0,30,0,40
34,v2,1080,3,10,0,20
34,v3,4080,6,20,1,20
34,v4,4160,9,30,1,40
34,v5,850,0,20,0,30
34,v6,890,3,20,0,20
34,v7,4240,6,20,1,20
34,v8,4190,9,10,1,20
34,v9,720,0,10,0,40
34,v10,750,3,20,0,20
34,v11,4230,6,40,1,40
34,v12,4330,9,50,1,40
34,v13,690,0,10,0,40
34,v14,650,3,40,0,20
34,v15,4340,6,40,1,40
34,v16,4500,9,50,1,30
34,v17,430,0,20,0,20
34,v18,500,3,40,0,20
34,v19,4520,6,40,1,20
34,v20,4470,9,40,1,20
35,v1,1070,0,20,0,40
35,v2,1090,3,20,0,20
35,v3,4060,6,10,1,20
35,v4,4130,9,10,1,40
35,v5,870,0,40,0,30
35,v6,910,3,20,0,20
35,v7,4220,6,20,1,20
35,v8,4180,9,50,1,20
35,v9,730,0,40,0,40
35,v10,770,3,10,0,20
35,v11,4190,6,50,1,40
35,v12,4280,9,20,1,40
35,v13,700,0,10,0,40
35,v14,690,3,40,0,20
35,v15,4300,6,20,1,40
35,v16,4450,9,40,1,30
35,v17,450,0,50,0,20
35,v18,540,3,50,0,20
35,v19,4480,6,50,1,20
35,v20,4430,9,30,1,20
36,v1,1090,0,40,0,40
36,v2,1110,3,50,0,20
36,v3,4050,6,50,1,20
36,v4,4120,9,40,1,40
36,v5,910,0,50,0,30
36,v6,930,3,40,0,20
36,v7,4200,6,20,1,20
36,v8,4130,9,40,1,20
36,v9,770,0,40,0,40
36,v10,780,3,30,0,20
36,v11,4140,6,20,1,40
36,v12,4260,9,30,1,40
36,v13,710,0,50,0,40
36,v14,730,3,40,0,20
36,v15,4280,6,20,1,40
36,v16,4410,9,30,1,30
36,v17,500,0,40,0,20
36,v18,590,3,10,0,20
36,v19,4430,6,30,1,20
36,v20,4400,9,20,1,20
37,v1,1130,0,30,0,40
37,v2,1160,3,30,0,20
37,v3,4000,6,30,1,20
37,v4,4080,9,50,1,40
37,v5,960,0,10,0,30
37,v6,970,3,20,0,20
37,v7,4180,6,20,1,20
37,v8,4090,9,20,1,20
37,v9,810,0,40,0,40
37,v10,810,3,20,0,20
37,v11,4120,6,20,1,40
37,v12,4230,9,10,1,40
37,v13,760,0,40,0,40
37,v14,770,3,40,0,20
37,v15,4260,6,30,1,40
37,v16,4380,9,50,1,30
37,v17,540,0,40,0,20
37,v18,600,3,40,0,20
37,v19,4400,6,10,1,20
37,v20,4380,9,20,1,20
38,v1,1160,0,40,0,40
38,v2,1190,3,40,0,20
38,v3,3970,6,50,1,20
38,v4,4030,9,10,1,40
38,v5,970,0,50,0,30
38,v6,990,3,40,0,20
38,v7,4160,6,40,1,20
38,v8,4070,9,10,1,20
38,v9,850,0,30,0,40
38,v10,830,3,30,0,20
38,v11,4100,6,40,1,40
38,v12,4220,9,40,1,40
38,v13,800,0,50,0,40
38,v14,810,3,50,0,20
38,v15,4230,6,50,1,40
38,v16,4330,9,20,1,30
38,v17,580,0,40,0,20
38,v18,640,3,20,0,20
38,v19,4390,6,30,1,20
38,v20,4360,9,40,1,20
39,v1,1200,0,40,0,40
39,v2,1230,3,10,0,20
39,v3,3920,6,40,1,20
39,v4,4020,9,30,1,40
39,v5,1020,0,40,0,30
39,v6,1030,3,20,0,20
39,v7,4120,6,40,1,20
39,v8,4060,9,20,1,20
39,v9,880,0,50,0,40
39,v10,860,3,50,0,20
39,v11,4060,6,10,1,40
39,v12,4180,9,40,1,40
39,v13,850,0,50,0,40
39,v14,860,3,50,0,20
39,v15,4180,6,10,1,40
39,v16,4310,9,10,1,30
39,v17,620,0,40,0,20
39,v18,660,3,20,0,20
39,v19,4360,6,40,1,20
39,v20,4320,9,20,1,20
40,v1,1240,0,10,0,40
40,v2,1240,3,30,0,20
40,v3,3880,6,40,1,20
40,v4,3990,9,30,1,40
40,v5,1060,0,20,0,30
40,v6,1050,3,40,0,20
40,v7,4080,6,30,1,20
40,v8,4040,9,30,1,20
40,v9,930,0,40,0,40
40,v10,910,3,30,0,20
40,v11,4050,6,40,1,40
40,v12,4140,9,30,1,40
40,v13,900,0,10,0,40
40,v14,910,3,40,0,20
40,v15,4170,6,10,1,40
40,v16,4300,9,50,1,30
40,v17,660,0,10,0,20
40,v18,680,3,30,0,20
40,v19,4320,6,20,1,20
40,v20,4300,9,10,1,20
41,v1,1250,0,10,0,40
41,v2,1270,3,10,0,20
41,v3,3840,6,20,1,20
41,v4,3960,9,20,1,40
41,v5,1080,0,10,0,30
41,v6,1090,3,50,0,20
41,v7,4050,6,20,1,20
41,v8,4010,9,20,1,20
41,v9,970,0,20,0,40
41,v10,940,3,40,0,20
41,v11,4010,6,10,1,40
41,v12,4110,9,50,1,40
41,v13,910,0,20,0,40
41,v14,950,3,40,0,20
41,v15,4160,6,30,1,40
41,v16,4250,9,30,1,30
41,v17,670,0,20,0,20
41,v18,710,3,50,0,20
41,v19,4300,6,50,1,20
41,v20,4290,9,10,1,20
42,v1,1260,0,20,0,40
42,v2,1280,3,30,0,20
42,v3,3820,6,10,1,20
42,v4,3940,9,50,1,40
42,v5,1090,0,10,0,30
42,v6,1140,3,30,0,20
42,v7,4030,6,50,1,20
42,v8,3990,9,40,1,20
42,v9,990,0,40,0,40
42,v10,980,3,20,0,20
42,v11,4000,6,10,1,40
42,v12,4060,9,50,1,40
42,v13,930,0,20,0,40
42,v14,990,3,10,0,20
42,v15,4130,6,30,1,40
42,v16,4220,9,50,1,30
42,v17,690,0,10,0,20
42,v18,760,3,50,0,20
42,v19,4250,6,10,1,20
42,v20,4280,9,30,1,20
43,v1,1280,0,50,0,40
43,v2,1310,3,40,0,20
43,v3,3810,6,30,1,20
43,v4,3890,9,10,1,40
43,v5,1100,0,50,0,30
43,v6,1170,3,30,0,20
43,v7,3980,6,10,1,20
43,v8,3950,9,40,1,20
43,v9,1030,0,40,0,40
43,v10,1000,3,10,0,20
43,v11,3990,6,40,1,40
43,v12,4010,9,30,1,40
43,v13,950,0,40,0,40
43,v14,1000,3,20,0,20
43,v15,4100,6,40,1,40
43,v16,4170,9,20,1,30
43,v17,700,0,50,0,20
43,v18,810,3,30,0,20
43,v19,4240,6,50,1,20
43,v20,4250,9,50,1,20
44,v1,1330,0,40,0,40
44,v2,1350,3,40,0,20
44,v3,3780,6,40,1,20
44,v4,3880,9,50,1,40
44,v5,1150,0,30,0,30
44,v6,1200,3,30,0,20
44,v7,3970,6,20,1,20
44,v8,3910,9,10,1,20
44,v9,1070,0,30,0,40
44,v10,1010,3,40,0,20
44,v11,3950,6,20,1,40
44,v12,3980,9,40,1,40
44,v13,990,0,50,0,40
44,v14,1020,3,50,0,20
44,v15,4060,6,40,1,40
44,v16,4150,9,30,1,30
44,v17,750,0,10,0,20
44,v18,840,3,40,0,20
44,v19,4190,6,30,1,20
44,v20,4200,9,20,1,20
45,v1,1370,0,40,0,40
45,v2,1390,3,20,0,20
45,v3,3740,6,30,1,20
45,v4,3830,9,30,1,40
45,v5,1180,0,30,0,30
45,v6,1230,3,30,0,20
45,v7,3950,6,50,1,20
45,v8,3900,9,30,1,20
45,v9,1100,0,50,0,40
45,v10,1050,3,10,0,20
45,v11,3930,6,50,1,40
45,v12,3940,9,20,1,40
45,v13,1040,0,10,0,40
45,v14,1070,3,20,0,20
45,v15,4020,6,40,1,40
45,v16,4120,9,40,1,30
45,v17,760,0,50,0,20
45,v18,880,3,20,0,20
45,v19,4160,6,40,1,20
45,v20,4180,9,40,1,20
46,v1,1410,0,40,0,40
46,v2,1410,3,10,0,20
46,v3,3710,6,10,1,20
46,v4,3800,9,30,1,40
46,v5,1210,0,20,0,30
46,v6,1260,3,40,0,20
46,v7,3900,6,20,1,20
46,v8,3870,9,30,1,20
46,v9,1150,0,50,0,40
46,v10,1060,3,30,0,20
46,v11,3880,6,40,1,40
46,v12,3920,9,50,1,40
46,v13,1050,0,50,0,40
46,v14,1090,3,30,0,20
46,v15,3980,6,40,1,40
46,v16,4080,9,50,1,30
46,v17,810,0,30,0,20
46,v18,900,3,30,0,20
46,v19,4120,6,40,1,20
46,v20,4140,9,30,1,20
47,v1,1450,0,30,0,40
47,v2,1420,3,30,0,20
47,v3,3700,6,20,1,20
47,v4,3770,9,10,1,40
47,v5,1230,0,20,0,30
47,v6,1300,3,30,0,20
47,v7,3880,6,10,1,20
47,v8,3840,9,50,1,20
47,v9,1200,0,20,0,40
47,v10,1090,3,20,0,20
47,v11,3840,6,20,1,40
47,v12,3870,9,40,1,40
47,v13,1100,0,30,0,40
47,v14,1120,3,50,0,20
47,v15,3940,6,50,1,40
47,v16,4030,9,50,1,30
47,v17,840,0,30,0,20
47,v18,930,3,10,0,20
47,v19,4080,6,20,1,20
47,v20,4110,9,30,1,20
48,v1,1480,0,20,0,40
48,v2,1450,3,30,0,20
48,v3,3680,6,20,1,20
48,v4,3760,9,30,1,40
48,v5,1250,0,10,0,30
48,v6,1330,3,50,0,20
48,v7,3870,6,20,1,20
48,v8,3790,9,30,1,20
48,v9,1220,0,10,0,40
48,v10,1110,3,10,0,20
48,v11,3820,6,50,1,40
48,v12,3830,9,30,1,40
48,v13,1130,0,20,0,40
48,v14,1170,3,40,0,20
48,v15,3890,6,10,1,40
48,v16,3980,9,10,1,30
48,v17,870,0,50,0,20
48,v18,940,3,30,0,20
48,v19,4060,6,40,1,20
48,v20,4080,9,40,1,20
49,v1,1500,0,40,0,40
49,v2,1480,3,30,0,20
49,v3,3660,6,20,1,20
49,v4,3730,9,10,1,40
49,v5,1260,0,30,0,30
49,v6,1380,3,40,0,20
49,v7,3850,6,10,1,20
49,v8,3760,9,10,1,20
49,v9,1230,0,40,0,40
49,v10,1120,3,40,0,20
49,v11,3770,6,10,1,40
49,v12,3800,9,50,1,40
49,v13,1150,0,10,0,40
49,v14,1210,3,20,0,20
49,v15,3880,6,20,1,40
49,v16,3970,9,50,1,30
49,v17,920,0,30,0,20
49,v18,970,3,10,0,20
49,v19,4020,6,20,1,20
49,v20,4040,9,10,1,20
50,v1,1540,0,50,0,40
50,v2,1510,3,40,0,20
50,v3,3640,6,50,1,20
50,v4,3720,9,50,1,40
50,v5,1290,0,50,0,30
50,v6,1420,3,20,0,20
50,v7,3840,6,50,1,20
50,v8,3750,9,40,1,20
50,v9,1270,0,40,0,40
50,v10,1160,3,40,0,20
50,v11,3760,6,30,1,40
50,v12,3750,9,50,1,40
50,v13,1160,0,40,0,40
50,v14,1230,3,30,0,20
50,v15,3860,6,50,1,40
50,v16,3920,9,50,1,30
50,v17,950,0,10,0,20
50,v18,980,3,50,0,20
50,v19,4000,6,10,1,20
50,v20,4030,9,20,1,20
51,v1,1590,0,20,0,40
51,v2,1550,3,30,0,20
51,v3,3590,6,10,1,20
51,v4,3670,9,20,1,40
51,v5,1340,0,20,0,30
51,v6,1440,3,20,0,20
51,v7,3790,6,50,1,20
51,v8,3710,9,10,1,20
51,v9,1310,0,20,0,40
51,v10,1200,3,10,0,20
51,v11,3730,6,40,1,40
51,v12,3700,9,40,1,40
51,v13,1200,0,50,0,40
51,v14,1260,3,40,0,20
51,v15,3810,6,30,1,40
51,v16,3870,9,10,1,30
51,v17,960,0,20,0,20
51,v18,1030,3,30,0,20
51,v19,3990,6,30,1,20
51,v20,4010,9,40,1,20
52,v1,1610,0,10,0,40
52,v2,1580,3,20,0,20
52,v3,3580,6,30,1,20
52,v4,3650,9,50,1,40
52,v5,1360,0,20,0,30
52,v6,1460,3,40,0,20
52,v7,3740,6,10,1,20
52,v8,3700,9,50,1,20
52,v9,1330,0,20,0,40
52,v10,1210,3,20,0,20
52,v11,3690,6,30,1,40
52,v12,3660,9,20,1,40
52,v13,1250,0,10,0,40
52,v14,1300,3,10,0,20
52,v15,3780,6,20,1,40
52,v16,3860,9,30,1,30
52,v17,980,0,50,0,20
52,v18,1060,3,50,0,20
52,v19,3960,6,30,1,20
52,v20,3970,9,40,1,20
53,v1,1620,0,10,0,40
53,v2,1600,3,40,0,20
53,v3,3550,6,30,1,20
53,v4,3600,9,40,1,40
53,v5,1380,0,30,0,30
53,v6,1500,3,50,0,20
53,v7,3730,6,50,1,20
53,v8,3650,9,40,1,20
53,v9,1350,0,40,0,40
53,v10,1230,3,10,0,20
53,v11,3660,6,50,1,40
53,v12,3640,9,10,1,40
53,v13,1260,0,40,0,40
53,v14,1310,3,30,0,20
53,v15,3760,6,50,1,40
53,v16,3830,9,30,1,30
53,v17,1030,0,10,0,20
53,v18,1110,3,10,0,20
53,v19,3930,6,20,1,20
53,v20,3930,9,50,1,20
54,v1,1630,0,50,0,40
54,v2,1640,3,10,0,20
54,v3,3520,6,30,1,20
54,v4,3560,9,50,1,40
54,v5,1410,0,10,0,30
54,v6,1550,3,20,0,20
54,v7,3680,6,40,1,20
54,v8,3610,9,50,1,20
54,v9,1390,0,40,0,40
54,v10,1240,3,30,0,20
54,v11,3610,6,20,1,40
54,v12,3630,9,50,1,40
54,v13,1300,0,40,0,40
54,v14,1340,3,40,0,20
54,v15,3710,6,10,1,40
54,v16,3800,9,40,1,30
54,v17,1040,0,30,0,20
54,v18,1120,3,40,0,20
54,v19,3910,6,30,1,20
54,v20,3880,9,30,1,20
55,v1,1680,0,10,0,40
55,v2,1650,3,20,0,20
55,v3,3490,6,30,1,20
55,v4,3510,9,40,1,40
55,v5,1420,0,40,0,30
55,v6,1570,3,30,0,20
55,v7,3640,6,40,1,20
55,v8,3560,9,50,1,20
55,v9,1430,0,10,0,40
55,v10,1270,3,40,0,20
55,v11,3590,6,10,1,40
55,v12,3580,9,30,1,40
55,v13,1340,0,30,0,40
55,v14,1380,3,30,0,20
55,v15,3700,6,10,1,40
55,v16,3760,9,40,1,30
55,v17,1070,0,50,0,20
55,v18,1160,3,10,0,20
55,v19,3880,6,50,1,20
55,v20,3850,9,40,1,20
56,v1,1690,0,40,0,40
56,v2,1670,3,10,0,20
56,v3,3460,6,20,1,20
56,v4,3470,9,50,1,40
56,v5,1460,0,30,0,30
56,v6,1600,3,50,0,20
56,v7,3600,6,40,1,20
56,v8,3510,9,40,1,20
56,v9,1440,0,10,0,40
56,v10,1310,3,20,0,20
56,v11,3580,6,30,1,40
56,v12,3550,9,50,1,40
56,v13,1370,0,20,0,40
56,v14,1410,3,30,0,20
56,v15,3690,6,40,1,40
56,v16,3720,9,40,1,30
56,v17,1120,0,10,0,20
56,v18,1170,3,10,0,20
56,v19,3830,6,50,1,20
56,v20,3810,9,20,1,20
57,v1,1730,0,20,0,40
57,v2,1680,3,30,0,20
57,v3,3440,6,50,1,20
57,v4,3420,9,10,1,40
57,v5,1490,0,50,0,30
57,v6,1650,3,40,0,20
57,v7,3560,6,10,1,20
57,v8,3470,9,20,1,20
57,v9,1450,0,10,0,40
57,v10,1330,3,40,0,20
57,v11,3550,6,10,1,40
57,v12,3500,9,20,1,40
57,v13,1390,0,40,0,40
57,v14,1440,3,30,0,20
57,v15,3650,6,50,1,40
57,v16,3680,9,30,1,30
57,v17,1130,0,40,0,20
57,v18,1180,3,40,0,20
57,v19,3780,6,40,1,20
57,v20,3790,9,20,1,20
58,v1,1750,0,40,0,40
58,v2,1710,3,50,0,20
58,v3,3390,6,20,1,20
58,v4,3410,9,40,1,40
58,v5,1540,0,20,0,30
58,v6,1690,3,50,0,20
58,v7,3550,6,50,1,20
58,v8,3450,9,20,1,20
58,v9,1460,0,10,0,40
58,v10,1370,3,30,0,20
58,v11,3540,6,40,1,40
58,v12,3480,9,30,1,40
58,v13,1430,0,50,0,40
58,v14,1470,3,30,0,20
58,v15,3600,6,10,1,40
58,v16,3650,9,30,1,30
58,v17,1170,0,30,0,20
58,v18,1220,3,50,0,20
58,v19,3740,6,50,1,20
58,v20,3770,9,40,1,20
59,v1,1790,0,20,0,40
59,v2,1760,3,40,0,20
59,v3,3370,6,50,1,20
59,v4,3370,9,40,1,40
59,v5,1560,0,30,0,30
59,v6,1740,3,30,0,20
59,v7,3500,6,50,1,20
59,v8,3430,9,50,1,20
59,v9,1470,0,40,0,40
59,v10,1400,3,40,0,20
59,v11,3500,6,30,1,40
59,v12,3450,9,20,1,40
59,v13,1480,0,20,0,40
59,v14,1500,3,50,0,20
59,v15,3590,6,40,1,40
59,v16,3620,9,20,1,30
59,v17,1200,0,40,0,20
59,v18,1270,3,10,0,20
59,v19,3690,6,30,1,20
59,v20,3730,9,40,1,20
60,v1,1810,0,40,0,40
60,v2,1800,3,40,0,20
60,v3,3320,6,20,1,20
60,v4,3330,9,40,1,40
60,v5,1590,0,10,0,30
60,v6,1770,3,20,0,20
60,v7,3450,6,50,1,20
60,v8,3380,9,50,1,20
60,v9,1510,0,30,0,40
60,v10,1440,3,10,0,20
60,v11,3470,6,40,1,40
60,v12,3430,9,10,1,40
60,v13,1500,0,50,0,40
60,v14,1550,3,40,0,20
60,v15,3550,6,10,1,40
60,v16,3600,9,20,1,30
60,v17,1240,0,40,0,20
60,v18,1280,3,20,0,20
60,v19,3660,6,10,1,20
60,v20,3690,9,40,1,20
61,v1,1850,0,30,0,40
61,v2,1840,3,30,0,20
61,v3,3300,6,50,1,20
61,v4,3290,9,40,1,40
61,v5,1600,0,10,0,30
61,v6,1790,3,30,0,20
61,v7,3400,6,50,1,20
61,v8,3330,9,40,1,20
61,v9,1540,0,30,0,40
61,v10,1450,3,40,0,20
61,v11,3430,6,50,1,40
61,v12,3420,9,10,1,40
61,v13,1550,0,50,0,40
61,v14,1590,3,10,0,20
61,v15,3540,6,20,1,40
61,v16,3580,9,30,1,30
61,v17,1280,0,20,0,20
61,v18,1300,3,10,0,20
61,v19,3650,6,40,1,20
61,v20,3650,9,10,1,20
62,v1,1880,0,10,0,40
62,v2,1870,3,40,0,20
62,v3,3250,6,20,1,20
62,v4,3250,9,30,1,40
62,v5,1610,0,10,0,30
62,v6,1820,3,10,0,20
62,v7,3350,6,30,1,20
62,v8,3290,9,10,1,20
62,v9,1570,0,30,0,40
62,v10,1490,3,30,0,20
62,v11,3380,6,30,1,40
62,v12,3410,9,40,1,40
62,v13,1600,0,20,0,40
62,v14,1600,3,20,0,20
62,v15,3520,6,50,1,40
62,v16,3550,9,40,1,30
62,v17,1300,0,50,0,20
62,v18,1310,3,20,0,20
62,v19,3610,6,20,1,20
62,v20,3640,9,20,1,20
63,v1,1890,0,10,0,40
63,v2,1910,3,50,0,20
63,v3,3230,6,40,1,20
63,v4,3220,9,50,1,40
63,v5,1620,0,20,0,30
63,v6,1830,3,40,0,20
63,v7,3320,6,50,1,20
63,v8,3280,9,20,1,20
63,v9,1600,0,20,0,40
63,v10,1520,3,40,0,20
63,v11,3350,6,30,1,40
63,v12,3370,9,40,1,40
63,v13,1620,0,30,0,40
63,v14,1620,3,10,0,20
63,v15,3470,6,40,1,40
63,v16,3510,9,30,1,30
63,v17,1350,0,50,0,20
63,v18,1330,3,20,0,20
63,v19,3590,6,10,1,20
63,v20,3620,9,40,1,20
64,v1,1900,0,30,0,40
64,v2,1960,3,50,0,20
64,v3,3190,6,30,1,20
64,v4,3170,9,40,1,40
64,v5,1640,0,30,0,30
64,v6,1870,3,40,0,20
64,v7,3270,6,30,1,20
64,v8,3260,9,20,1,20
64,v9,1620,0,40,0,40
64,v10,1560,3,40,0,20
64,v11,3320,6,10,1,40
64,v12,3330,9,20,1,40
64,v13,1650,0,40,0,40
64,v14,1630,3,50,0,20
64,v15,3430,6,30,1,40
64,v16,3480,9,50,1,30
64,v17,1400,0,30,0,20
64,v18,1350,3,30,0,20
64,v19,3580,6,10,1,20
64,v20,3580,9,40,1,20
65,v1,1930,0,30,0,40
65,v2,2010,3,10,0,20
65,v3,3160,6,50,1,20
65,v4,3130,9,10,1,40
65,v5,1670,0,50,0,30
65,v6,1910,3,40,0,20
65,v7,3240,6,30,1,20
65,v8,3240,9,20,1,20
65,v9,1660,0,50,0,40
65,v10,1600,3,30,0,20
65,v11,3310,6,20,1,40
65,v12,3310,9,20,1,40
65,v13,1690,0,50,0,40
65,v14,1680,3,30,0,20
65,v15,3400,6,20,1,40
65,v16,3430,9,10,1,30
65,v17,1430,0,10,0,20
65,v18,1380,3,30,0,20
65,v19,3570,6,40,1,20
65,v20,3540,9,10,1,20
66,v1,1960,0,50,0,40
66,v2,2020,3,30,0,20
66,v3,3110,6,20,1,20
66,v4,3120,9,10,1,40
66,v5,1720,0,30,0,30
66,v6,1950,3,30,0,20
66,v7,3210,6,40,1,20
66,v8,3220,9,20,1,20
66,v9,1710,0,20,0,40
66,v10,1630,3,20,0,20
66,v11,3290,6,50,1,40
66,v12,3290,9,30,1,40
66,v13,1740,0,50,0,40
66,v14,1710,3,50,0,20
66,v15,3380,6,30,1,40
66,v16,3420,9,20,1,30
66,v17,1440,0,30,0,20
66,v18,1410,3,40,0,20
66,v19,3530,6,30,1,20
66,v20,3530,9,30,1,20
67,v1,2010,0,10,0,40
67,v2,2050,3,40,0,20
67,v3,3090,6,10,1,20
67,v4,3110,9,20,1,40
67,v5,1750,0,20,0,30
67,v6,1980,3,40,0,20
67,v7,3170,6,50,1,20
67,v8,3200,9,30,1,20
67,v9,1730,0,10,0,40
67,v10,1650,3,40,0,20
67,v11,3240,6,10,1,40
67,v12,3260,9,30,1,40
67,v13,1790,0,50,0,40
67,v14,1760,3,10,0,20
67,v15,3350,6,40,1,40
67,v16,3400,9,30,1,30
67,v17,1470,0,30,0,20
67,v18,1450,3,50,0,20
67,v19,3500,6,40,1,20
67,v20,3500,9,30,1,20
68,v1,2020,0,10,0,40
68,v2,2090,3,20,0,20
68,v3,3080,6,40,1,20
68,v4,3090,9,10,1,40
68,v5,1770,0,50,0,30
68,v6,2020,3,50,0,20
68,v7,3120,6,30,1,20
68,v8,3170,9,50,1,20
68,v9,1740,0,20,0,40
68,v10,1690,3,10,0,20
68,v11,3230,6,40,1,40
68,v12,3230,9,30,1,40
68,v13,1840,0,40,0,40
68,v14,1770,3,10,0,20
68,v15,3310,6,20,1,40
68,v16,3370,9,10,1,30
68,v17,1500,0,10,0,20
68,v18,1500,3,30,0,20
68,v19,3460,6,40,1,20
68,v20,3470,9,10,1,20
69,v1,2030,0,10,0,40
69,v2,2110,3,20,0,20
69,v3,3040,6,50,1,20
69,v4,3080,9,20,1,40
69,v5,1820,0,40,0,30
69,v6,2070,3,40,0,20
69,v7,3090,6,30,1,20
69,v8,3120,9,50,1,20
69,v9,1760,0,40,0,40
69,v10,1700,3,50,0,20
69,v11,3190,6,20,1,40
69,v12,3200,9,40,1,40
69,v13,1880,0,10,0,40
69,v14,1780,3,40,0,20
69,v15,3290,6,50,1,40
69,v16,3360,9,40,1,30
69,v17,1510,0,30,0,20
69,v18,1530,3,10,0,20
69,v19,3420,6,30,1,20
69,v20,3460,9,20,1,20
70,v1,2040,0,40,0,40
70,v2,2130,3,40,0,20
70,v3,2990,6,20,1,20
70,v4,3060,9,30,1,40
70,v5,1860,0,10,0,30
70,v6,2110,3,30,0,20
70,v7,3060,6,50,1,20
70,v8,3070,9,30,1,20
70,v9,1800,0,10,0,40
70,v10,1750,3,40,0,20
70,v11,3170,6,30,1,40
70,v12,3160,9,20,1,40
70,v13,1890,0,10,0,40
70,v14,1820,3,40,0,20
70,v15,3240,6,10,1,40
70,v16,3320,9,20,1,30
70,v17,1540,0,50,0,20
70,v18,1540,3,10,0,20
70,v19,3390,6,10,1,20
70,v20,3440,9,30,1,20
71,v1,2080,0,20,0,40
71,v2,2170,3,20,0,20
71,v3,2970,6,50,1,20
71,v4,3030,9,20,1,40
71,v5,1870,0,10,0,30
71,v6,2140,3,50,0,20
71,v7,3010,6,20,1,20
71,v8,3040,9,50,1,20
71,v9,1810,0,20,0,40
71,v10,1790,3,20,0,20
71,v11,3140,6,30,1,40
71,v12,3140,9,20,1,40
71,v13,1900,0,50,0,40
71,v14,1860,3,10,0,20
71,v15,3230,6,30,1,40
71,v16,3300,9,20,1,30
71,v17,1590,0,20,0,20
71,v18,1550,3,50,0,20
71,v19,3380,6,30,1,20
71,v20,3410,9,20,1,20
72,v1,2100,0,10,0,40
72,v2,2190,3,10,0,20
72,v3,2920,6,20,1,20
72,v4,3010,9,10,1,40
72,v5,1880,0,30,0,30
72,v6,2190,3,20,0,20
72,v7,2990,6,50,1,20
72,v8,2990,9,30,1,20
72,v9,1830,0,10,0,40
72,v10,1810,3,20,0,20
72,v11,3110,6,30,1,40
72,v12,3120,9,10,1,40
72,v13,1950,0,20,0,40
72,v14,1870,3,40,0,20
72,v15,3200,6,50,1,40
72,v16,3280,9,10,1,30
72,v17,1610,0,10,0,20
72,v18,1600,3,40,0,20
72,v19,3350,6,40,1,20
72,v20,3390,9,30,1,20
73,v1,2110,0,50,0,40
73,v2,2200,3,50,0,20
73,v3,2900,6,10,1,20
73,v4,3000,9,40,1,40
73,v5,1910,0,50,0,30
73,v6,2210,3,20,0,20
73,v7,2940,6,50,1,20
73,v8,2960,9,10,1,20
73,v9,1840,0,50,0,40
73,v10,1830,3,30,0,20
73,v11,3080,6,40,1,40
73,v12,3110,9,10,1,40
73,v13,1970,0,10,0,40
73,v14,1910,3,40,0,20
73,v15,3150,6,40,1,40
73,v16,3270,9,40,1,30
73,v17,1620,0,10,0,20
73,v18,1640,3,40,0,20
73,v19,3310,6,40,1,20
73,v20,3360,9,10,1,20
74,v1,2160,0,10,0,40
74,v2,2250,3,30,0,20
74,v3,2890,6,50,1,20
74,v4,2960,9,20,1,40
74,v5,1960,0,10,0,30
74,v6,2230,3,20,0,20
74,v7,2890,6,30,1,20
74,v8,2950,9,50,1,20
74,v9,1890,0,50,0,40
74,v10,1860,3,50,0,20
74,v11,3040,6,30,1,40
74,v12,3100,9,40,1,40
74,v13,1980,0,50,0,40
74,v14,1950,3,50,0,20
74,v15,3110,6,30,1,40
74,v16,3230,9,40,1,30
74,v17,1630,0,50,0,20
74,v18,1680,3,50,0,20
74,v19,3270,6,40,1,20
74,v20,3350,9,10,1,20
75,v1,2170,0,10,0,40
75,v2,2280,3,50,0,20
75,v3,2840,6,20,1,20
75,v4,2940,9,40,1,40
75,v5,1970,0,40,0,30
75,v6,2250,3,20,0,20
75,v7,2860,6,40,1,20
75,v8,2900,9,30,1,20
75,v9,1940,0,40,0,40
75,v10,1910,3,40,0,20
75,v11,3010,6,40,1,40
75,v12,3060,9,10,1,40
75,v13,2030,0,30,0,40
75,v14,2000,3,40,0,20
75,v15,3080,6,30,1,40
75,v16,3190,9,30,1,30
75,v17,1680,0,30,0,20
75,v18,1730,3,20,0,20
75,v19,3230,6,40,1,20
75,v20,3340,9,10,1,20
76,v1,2180,0,10,0,40
76,v2,2330,3,10,0,20
76,v3,2820,6,10,1,20
76,v4,2900,9,40,1,40
76,v5,2010,0,10,0,30
76,v6,2270,3,30,0,20
76,v7,2820,6,20,1,20
76,v8,2870,9,50,1,20
76,v9,1980,0,10,0,40
76,v10,1950,3,50,0,20
76,v11,2970,6,50,1,40
76,v12,3050,9,50,1,40
76,v13,2060,0,30,0,40
76,v14,2040,3,10,0,20
76,v15,3050,6,40,1,40
76,v16,3160,9,30,1,30
76,v17,1710,0,40,0,20
76,v18,1750,3,10,0,20
76,v19,3190,6,30,1,20
76,v20,3330,9,50,1,20
77,v1,2190,0,30,0,40
77,v2,2340,3,30,0,20
77,v3,2810,6,10,1,20
77,v4,2860,9,50,1,40
77,v5,2020,0,50,0,30
77,v6,2300,3,20,0,20
77,v7,2800,6,20,1,20
77,v8,2820,9,40,1,20
77,v9,1990,0,20,0,40
77,v10,2000,3,10,0,20
77,v11,2920,6,30,1,40
77,v12,3000,9,50,1,40
77,v13,2090,0,30,0,40
77,v14,2050,3,10,0,20
77,v15,3010,6,30,1,40
77,v16,3130,9,50,1,30
77,v17,1750,0,20,0,20
77,v18,1760,3,40,0,20
77,v19,3160,6,50,1,20
77,v20,3280,9,50,1,20
78,v1,2220,0,50,0,40
78,v2,2370,3,50,0,20
78,v3,2800,6,10,1,20
78,v4,2810,9,50,1,40
78,v5,2070,0,30,0,30
78,v6,2320,3,10,0,20
78,v7,2780,6,20,1,20
78,v8,2780,9,30,1,20
78,v9,2010,0,30,0,40
78,v10,2010,3,30,0,20
78,v11,2890,6,30,1,40
78,v12,2950,9,10,1,40
78,v13,2120,0,20,0,40
78,v14,2060,3,20,0,20
78,v15,2980,6,50,1,40
78,v16,3080,9,40,1,30
78,v17,1770,0,10,0,20
78,v18,1800,3,20,0,20
78,v19,3110,6,10,1,20
78,v20,3230,9,10,1,20
79,v1,2270,0,50,0,40
79,v2,2420,3,20,0,20
79,v3,2790,6,40,1,20
79,v4,2760,9,40,1,40
79,v5,2100,0,40,0,30
79,v6,2330,3,30,0,20
79,v7,2760,6,20,1,20
79,v8,2750,9,30,1,20
79,v9,2040,0,30,0,40
79,v10,2040,3,30,0,20
79,v11,2860,6,50,1,40
79,v12,2940,9,50,1,40
79,v13,2140,0,10,0,40
79,v14,2080,3,10,0,20
79,v15,2930,6,20,1,40
79,v16,3040,9,20,1,30
79,v17,1780,0,50,0,20
79,v18,1820,3,10,0,20
79,v19,3100,6,10,1,20
79,v20,3220,9,30,1,20
80,v1,2320,0,40,0,40
80,v2,2440,3,40,0,20
80,v3,2750,6,40,1,20
80,v4,2720,9,50,1,40
80,v5,2140,0,40,0,30
80,v6,2360,3,40,0,20
80,v7,2740,6,30,1,20
80,v8,2720,9,20,1,20
80,v9,2070,0,50,0,40
80,v10,2070,3,10,0,20
80,v11,2810,6,30,1,40
80,v12,2890,9,40,1,40
80,v13,2150,0,10,0,40
80,v14,2090,3,30,0,20
80,v15,2910,6,50,1,40
80,v16,3020,9,40,1,30
80,v17,1830,0,50,0,20
80,v18,1830,3,30,0,20
80,v19,3090,6,10,1,20
80,v20,3190,9,20,1,20
81,v1,2360,0,40,0,40
81,v2,2480,3,50,0,20
81,v3,2710,6,10,1,20
81,v4,2670,9,10,1,40
81,v5,2180,0,20,0,30
81,v6,2400,3,30,0,20
81,v7,2710,6,20,1,20
81,v8,2700,9,20,1,20
81,v9,2120,0,30,0,40
81,v10,2080,3,30,0,20
81,v11,2780,6,30,1,40
81,v12,2850,9,10,1,40
81,v13,2160,0,10,0,40
81,v14,2120,3,40,0,20
81,v15,2860,6,40,1,40
81,v16,2980,9,20,1,30
81,v17,1880,0,20,0,20
81,v18,1860,3,40,0,20
81,v19,3080,6,50,1,20
81,v20,3170,9,20,1,20
82,v1,2400,0,50,0,40
82,v2,2530,3,50,0,20
82,v3,2700,6,30,1,20
82,v4,2660,9,10,1,40
82,v5,2200,0,40,0,30
82,v6,2430,3,10,0,20
82,v7,2690,6,40,1,20
82,v8,2680,9,10,1,20
82,v9,2150,0,40,0,40
82,v10,2110,3,10,0,20
82,v11,2750,6,30,1,40
82,v12,2840,9,50,1,40
82,v13,2170,0,40,0,40
82,v14,2160,3,50,0,20
82,v15,2820,6,40,1,40
82,v16,2960,9,40,1,30
82,v17,1900,0,30,0,20
82,v18,1900,3,10,0,20
82,v19,3030,6,40,1,20
82,v20,3150,9,10,1,20
83,v1,2450,0,30,0,40
83,v2,2580,3,20,0,20
83,v3,2670,6,50,1,20
83,v4,2650,9,40,1,40
83,v5,2240,0,30,0,30
83,v6,2440,3,10,0,20
83,v7,2650,6,40,1,20
83,v8,2670,9,10,1,20
83,v9,2190,0,20,0,40
83,v10,2120,3,40,0,20
83,v11,2720,6,50,1,40
83,v12,2790,9,40,1,40
83,v13,2210,0,50,0,40
83,v14,2210,3,10,0,20
83,v15,2780,6,40,1,40
83,v16,2920,9,30,1,30
83,v17,1930,0,30,0,20
83,v18,1910,3,20,0,20
83,v19,2990,6,30,1,20
83,v20,3140,9,20,1,20
84,v1,2480,0,10,0,40
84,v2,2600,3,50,0,20
84,v3,2620,6,10,1,20
84,v4,2610,9,50,1,40
84,v5,2270,0,50,0,30
84,v6,2450,3,20,0,20
84,v7,2610,6,30,1,20
84,v8,2660,9,30,1,20
84,v9,2210,0,20,0,40
84,v10,2160,3,20,0,20
84,v11,2670,6,10,1,40
84,v12,2750,9,20,1,40
84,v13,2260,0,30,0,40
84,v14,2220,3,20,0,20
84,v15,2740,6,20,1,40
84,v16,2890,9,50,1,30
84,v17,1960,0,20,0,20
84,v18,1930,3,10,0,20
84,v19,2960,6,20,1,20
84,v20,3120,9,40,1,20
85,v1,2490,0,40,0,40
85,v2,2650,3,50,0,20
85,v3,2610,6,50,1,20
85,v4,2560,9,40,1,40
85,v5,2320,0,50,0,30
85,v6,2470,3,50,0,20
85,v7,2580,6,30,1,20
85,v8,2630,9,30,1,20
85,v9,2230,0,20,0,40
85,v10,2180,3,40,0,20
85,v11,2660,6,10,1,40
85,v12,2730,9,40,1,40
85,v13,2290,0,40,0,40
85,v14,2240,3,30,0,20
85,v15,2720,6,30,1,40
85,v16,2840,9,50,1,30
85,v17,1980,0,10,0,20
85,v18,1940,3,30,0,20
85,v19,2940,6,50,1,20
85,v20,3080,9,10,1,20
86,v1,2530,0,30,0,40
86,v2,2700,3,40,0,20
86,v3,2560,6,40,1,20
86,v4,2520,9,10,1,40
86,v5,2370,0,10,0,30
86,v6,2520,3,30,0,20
86,v7,2550,6,30,1,20
86,v8,2600,9,10,1,20
86,v9,2250,0,10,0,40
86,v10,2220,3,50,0,20
86,v11,2650,6,50,1,40
86,v12,2690,9,50,1,40
86,v13,2330,0,40,0,40
86,v14,2270,3,40,0,20
86,v15,2690,6,50,1,40
86,v16,2790,9,50,1,30
86,v17,1990,0,10,0,20
86,v18,1970,3,40,0,20
86,v19,2890,6,50,1,20
86,v20,3070,9,20,1,20
87,v1,2560,0,30,0,40
87,v2,2740,3,50,0,20
87,v3,2520,6,40,1,20
87,v4,2510,9,50,1,40
87,v5,2380,0,20,0,30
87,v6,2550,3,10,0,20
87,v7,2520,6,40,1,20
87,v8,2590,9,10,1,20
87,v9,2260,0,30,0,40
87,v10,2270,3,10,0,20
87,v11,2600,6,50,1,40
87,v12,2640,9,20,1,40
87,v13,2370,0,10,0,40
87,v14,2310,3,20,0,20
87,v15,2640,6,40,1,40
87,v16,2740,9,40,1,30
87,v17,2000,0,50,0,20
87,v18,2010,3,50,0,20
87,v19,2840,6,50,1,20
87,v20,3050,9,20,1,20
88,v1,2590,0,30,0,40
88,v2,2790,3,30,0,20
88,v3,2480,6,30,1,20
88,v4,2460,9,40,1,40
88,v5,2400,0,40,0,30
88,v6,2560,3,30,0,20
88,v7,2480,6,50,1,20
88,v8,2580,9,10,1,20
88,v9,2290,0,30,0,40
88,v10,2280,3,10,0,20
88,v11,2550,6,30,1,40
88,v12,2620,9,10,1,40
88,v13,2380,0,50,0,40
88,v14,2330,3,40,0,20
88,v15,2600,6,30,1,40
88,v16,2700,9,30,1,30
88,v17,2050,0,50,0,20
88,v18,2060,3,20,0,20
88,v19,2790,6,30,1,20
88,v20,3030,9,10,1,20
89,v1,2620,0,50,0,40
89,v2,2820,3,20,0,20
89,v3,2450,6,30,1,20
89,v4,2420,9,30,1,40
89,v5,2440,0,40,0,30
89,v6,2590,3,20,0,20
89,v7,2430,6,50,1,20
89,v8,2570,9,10,1,20
89,v9,2320,0,30,0,40
89,v10,2290,3,50,0,20
89,v11,2520,6,40,1,40
89,v12,2610,9,30,1,40
89,v13,2430,0,20,0,40
89,v14,2370,3,50,0,20
89,v15,2570,6,10,1,40
89,v16,2670,9,40,1,30
89,v17,2100,0,50,0,20
89,v18,2080,3,30,0,20
89,v19,2760,6,10,1,20
89,v20,3020,9,30,1,20
90,v1,2670,0,30,0,40
90,v2,2840,3,20,0,20
90,v3,2420,6,20,1,20
90,v4,2390,9,30,1,40
90,v5,2480,0,40,0,30
90,v6,2610,3,20,0,20
90,v7,2380,6,20,1,20
90,v8,2560,9,20,1,20
90,v9,2350,0,20,0,40
90,v10,2340,3,10,0,20
90,v11,2480,6,30,1,40
90,v12,2580,9,10,1,40
90,v13,2450,0,50,0,40
90,v14,2420,3,50,0,20
90,v15,2560,6,50,1,40
90,v16,2630,9,10,1,30
90,v17,2150,0,30,0,20
90,v18,2110,3,50,0,20
90,v19,2750,6,20,1,20
90,v20,2990,9,50,1,20
91,v1,2700,0,40,0,40
91,v2,2860,3,20,0,20
91,v3,2400,6,20,1,20
91,v4,2360,9,20,1,40
91,v5,2520,0,50,0,30
91,v6,2630,3,20,0,20
91,v7,2360,6,40,1,20
91,v8,2540,9,10,1,20
91,v9,2370,0,40,0,40
91,v10,2350,3,30,0,20
91,v11,2450,6,20,1,40
91,v12,2570,9,40,1,40
91,v13,2500,0,50,0,40
91,v14,2470,3,30,0,20
91,v15,2510,6,40,1,40
91,v16,2620,9,20,1,30
91,v17,2180,0,50,0,20
91,v18,2160,3,20,0,20
91,v19,2730,6,30,1,20
91,v20,2940,9,40,1,20
92,v1,2740,0,20,0,40
92,v2,2880,3,30,0,20
92,v3,2380,6,50,1,20
92,v4,2340,9,40,1,40
92,v5,2570,0,40,0,30
92,v6,2650,3,30,0,20
92,v7,2320,6,40,1,20
92,v8,2530,9,50,1,20
92,v9,2410,0,50,0,40
92,v10,2380,3,40,0,20
92,v11,2430,6,20,1,40
92,v12,2530,9,20,1,40
92,v13,2550,0,50,0,40
92,v14,2500,3,20,0,20
92,v15,2470,6,30,1,40
92,v16,2600,9,10,1,30
92,v17,2230,0,40,0,20
92,v18,2180,3,30,0,20
92,v19,2700,6,50,1,20
92,v20,2900,9,10,1,20
93,v1,2760,0,50,0,40
93,v2,2910,3,10,0,20
93,v3,2330,6,30,1,20
93,v4,2300,9,10,1,40
93,v5,2610,0,20,0,30
93,v6,2680,3,30,0,20
93,v7,2280,6,40,1,20
93,v8,2480,9,50,1,20
93,v9,2460,0,20,0,40
93,v10,2420,3,40,0,20
93,v11,2410,6,10,1,40
93,v12,2510,9,20,1,40
93,v13,2600,0,40,0,40
93,v14,2520,3,30,0,20
93,v15,2440,6,10,1,40
93,v16,2590,9,40,1,30
93,v17,2270,0,10,0,20
93,v18,2210,3,40,0,20
93,v19,2650,6,50,1,20
93,v20,2890,9,30,1,20
94,v1,2810,0,20,0,40
94,v2,2920,3,40,0,20
94,v3,2300,6,10,1,20
94,v4,2290,9,30,1,40
94,v5,2630,0,20,0,30
94,v6,2710,3,10,0,20
94,v7,2240,6,30,1,20
94,v8,2430,9,10,1,20
94,v9,2480,0,30,0,40
94,v10,2460,3,20,0,20
94,v11,2400,6,20,1,40
94,v12,2490,9,10,1,40
94,v13,2640,0,30,0,40
94,v14,2550,3,40,0,20
94,v15,2430,6,20,1,40
94,v16,2550,9,40,1,30
94,v17,2280,0,40,0,20
94,v18,2250,3,50,0,20
94,v19,2600,6,10,1,20
94,v20,2860,9,10,1,20
95,v1,2830,0,10,0,40
95,v2,2960,3,30,0,20
95,v3,2290,6,20,1,20
95,v4,2260,9,20,1,40
95,v5,2650,0,50,0,30
95,v6,2720,3,50,0,20
95,v7,2210,6,50,1,20
95,v8,2420,9,40,1,20
95,v9,2510,0,10,0,40
95,v10,2480,3,30,0,20
95,v11,2380,6,20,1,40
95,v12,2480,9,30,1,40
95,v13,2670,0,10,0,40
95,v14,2590,3,10,0,20
95,v15,2410,6,20,1,40
95,v16,2510,9,40,1,30
95,v17,2320,0,50,0,20
95,v18,2300,3,40,0,20
95,v19,2590,6,10,1,20
95,v20,2850,9,10,1,20
96,v1,2840,0,40,0,40
96,v2,2990,3,50,0,20
96,v3,2270,6,50,1,20
96,v4,2240,9,10,1,40
96,v5,2700,0,50,0,30
96,v6,2770,3,50,0,20
96,v7,2160,6,20,1,20
96,v8,2380,9,20,1,20
96,v9,2520,0,30,0,40
96,v10,2510,3,40,0,20
96,v11,2360,6,10,1,40
96,v12,2450,9,50,1,40
96,v13,2680,0,30,0,40
96,v14,2600,3,20,0,20
96,v15,2390,6,50,1,40
96,v16,2470,9,40,1,30
96,v17,2370,0,20,0,20
96,v18,2340,3,10,0,20
96,v19,2580,6,50,1,20
96,v20,2840,9,30,1,20
97,v1,2880,0,10,0,40
97,v2,3040,3,50,0,20
97,v3,2220,6,50,1,20
97,v4,2230,9,50,1,40
97,v5,2750,0,50,0,30
97,v6,2820,3,50,0,20
97,v7,2140,6,10,1,20
97,v8,2360,9,40,1,20
97,v9,2550,0,40,0,40
97,v10,2550,3,10,0,20
97,v11,2350,6,40,1,40
97,v12,2400,9,30,1,40
97,v13,2710,0,30,0,40
97,v14,2620,3,10,0,20
97,v15,2340,6,30,1,40
97,v16,2430,9,10,1,30
97,v17,2390,0,30,0,20
97,v18,2350,3,20,0,20
97,v19,2530,6,10,1,20
97,v20,2810,9,50,1,20
98,v1,2890,0,30,0,40
98,v2,3090,3,20,0,20
98,v3,2170,6,10,1,20
98,v4,2180,9,30,1,40
98,v5,2800,0,50,0,30
98,v6,2870,3,30,0,20
98,v7,2130,6,20,1,20
98,v8,2320,9,40,1,20
98,v9,2590,0,40,0,40
98,v10,2560,3,20,0,20
98,v11,2310,6,20,1,40
98,v12,2370,9,10,1,40
98,v13,2740,0,40,0,40
98,v14,2630,3,10,0,20
98,v15,2310,6,30,1,40
98,v16,2420,9,20,1,30
98,v17,2420,0,10,0,20
98,v18,2370,3,20,0,20
98,v19,2520,6,10,1,20
98,v20,2760,9,30,1,20
99,v1,2920,0,30,0,40
99,v2,3110,3,50,0,20
99,v3,2160,6,40,1,20
99,v4,2150,9,50,1,40
99,v5,2850,0,40,0,30
99,v6,2900,3,30,0,20
99,v7,2110,6,10,1,20
99,v8,2280,9,20,1,20
99,v9,2630,0,30,0,40
99,v10,2580,3,30,0,20
99,v11,2290,6,10,1,40
99,v12,2360,9,30,1,40
99,v13,2780,0,30,0,40
99,v14,2640,3,10,0,20
99,v15,2280,6,30,1,40
99,v16,2400,9,40,1,30
99,v17,2430,0,40,0,20
99,v18,2390,3,40,0,20
99,v19,2510,6,40,1,20
99,v20,2730,9,30,1,20
100,v1,2950,0,20,0,40
100,v2,3160,3,40,0,20
100,v3,2120,6,40,1,20
100,v4,2100,9,30,1,40
100,v5,2890,0,50,0,30
100,v6,2930,3,30,0,20
100,v7,2100,6,10,1,20
100,v8,2260,9,40,1,20
100,v9,2660,0,10,0,40
100,v10,2610,3,40,0,20
100,v11,2280,6,50,1,40
100,v12,2330,9,20,1,40
100,v13,2810,0,50,0,40
100,v14,2650,3,30,0,20
100,v15,2250,6,30,1,40
100,v16,2360,9,10,1,30
100,v17,2470,0,10,0,20
100,v18,2430,3,30,0,20
100,v19,2470,6,30,1,20
100,v20,2700,9,30,1,20
101,v1,2970,0,40,0,40
101,v2,3200,3,50,0,20
101,v3,2080,6,40,1,20
101,v4,2070,9,20,1,40
101,v5,2940,0,40,0,30
101,v6,2960,3,30,0,20
101,v7,2090,6,40,1,20
101,v8,2220,9,10,1,20
101,v9,2670,0,30,0,40
101,v10,2650,3,50,0,20
101,v11,2230,6,40,1,40
101,v12,2310,9,30,1,40
101,v13,2860,0,10,0,40
101,v14,2680,3,10,0,20
101,v15,2220,6,40,1,40
101,v16,2350,9,30,1,30
101,v17,2480,0,50,0,20
101,v18,2460,3,20,0,20
101,v19,2440,6,10,1,20
101,v20,2670,9,20,1,20
102,v1,3010,0,50,0,40
102,v2,3250,3,40,0,20
102,v3,2040,6,10,1,20
102,v4,2050,9,20,1,40
102,v5,2980,0,10,0,30
102,v6,2990,3,20,0,20
102,v7,2050,6,30,1,20
102,v8,2210,9,30,1,20
102,v9,2700,0,40,0,40
102,v10,2700,3,50,0,20
102,v11,2190,6,10,1,40
102,v12,2280,9,50,1,40
102,v13,2870,0,20,0,40
102,v14,2690,3,40,0,20
102,v15,2180,6,30,1,40
102,v16,2320,9,30,1,30
102,v17,2530,0,40,0,20
102,v18,2480,3,10,0,20
102,v19,2430,6,50,1,20
102,v20,2650,9,20,1,20
103,v1,3060,0,50,0,40
103,v2,3290,3,30,0,20
103,v3,2030,6,40,1,20
103,v4,2030,9,30,1,40
103,v5,2990,0,30,0,30
103,v6,3010,3,20,0,20
103,v7,2020,6,10,1,20
103,v8,2180,9,10,1,20
103,v9,2740,0,20,0,40
103,v10,2750,3,40,0,20
103,v11,2180,6,50,1,40
103,v12,2230,9,40,1,40
103,v13,2890,0,50,0,40
103,v14,2730,3,10,0,20
103,v15,2150,6,30,1,40
103,v16,2290,9,30,1,30
103,v17,2570,0,40,0,20
103,v18,2490,3,20,0,20
103,v19,2380,6,50,1,20
103,v20,2630,9,30,1,20
104,v1,3110,0,40,0,40
104,v2,3320,3,20,0,20
104,v3,1990,6,10,1,20
104,v4,2000,9,20,1,40
104,v5,3020,0,10,0,30
104,v6,3030,3,40,0,20
104,v7,2010,6,20,1,20
104,v8,2170,9,40,1,20
104,v9,2760,0,10,0,40
104,v10,2790,3,30,0,20
104,v11,2130,6,30,1,40
104,v12,2190,9,10,1,40
104,v13,2940,0,50,0,40
104,v14,2740,3,50,0,20
104,v15,2120,6,30,1,40
104,v16,2260,9,30,1,30
104,v17,2610,0,20,0,20
104,v18,2510,3,20,0,20
104,v19,2330,6,30,1,20
104,v20,2600,9,50,1,20
105,v1,3150,0,20,0,40
105,v2,3340,3,10,0,20
105,v3,1980,6,20,1,20
105,v4,1980,9,20,1,40
105,v5,3030,0,20,0,30
105,v6,3070,3,40,0,20
105,v7,1990,6,10,1,20
105,v8,2130,9,30,1,20
105,v9,2770,0,50,0,40
105,v10,2820,3,50,0,20
105,v11,2100,6,30,1,40
105,v12,2180,9,40,1,40
105,v13,2990,0,50,0,40
105,v14,2790,3,20,0,20
105,v15,2090,6,50,1,40
105,v16,2230,9,10,1,30
105,v17,2630,0,10,0,20
105,v18,2530,3,30,0,20
105,v19,2300,6,40,1,20
105,v20,2550,9,40,1,20
106,v1,3170,0,50,0,40
106,v2,3350,3,40,0,20
106,v3,1960,6,40,1,20
106,v4,1960,9,50,1,40
106,v5,3050,0,10,0,30
106,v6,3110,3,20,0,20
106,v7,1980,6,30,1,20
106,v8,2100,9,10,1,20
106,v9,2820,0,40,0,40
106,v10,2870,3,40,0,20
106,v11,2070,6,50,1,40
106,v12,2140,9,30,1,40
106,v13,3040,0,20,0,40
106,v14,2810,3,50,0,20
106,v15,2040,6,50,1,40
106,v16,2220,9,20,1,30
106,v17,2640,0,20,0,20
106,v18,2560,3,40,0,20
106,v19,2260,6,50,1,20
106,v20,2510,9,10,1,20
107,v1,3220,0,10,0,40
107,v2,3390,3,50,0,20
107,v3,1920,6,20,1,20
107,v4,1910,9,30,1,40
107,v5,3060,0,20,0,30
107,v6,3130,3,20,0,20
107,v7,1950,6,30,1,20
107,v8,2090,9,20,1,20
107,v9,2860,0,30,0,40
107,v10,2910,3,50,0,20
107,v11,2020,6,30,1,40
107,v12,2110,9,10,1,40
107,v13,3060,0,30,0,40
107,v14,2860,3,20,0,20
107,v15,1990,6,50,1,40
107,v16,2200,9,30,1,30
107,v17,2660,0,20,0,20
107,v18,2600,3,30,0,20
107,v19,2210,6,50,1,20
107,v20,2500,9,50,1,20
108,v1,3230,0,10,0,40
108,v2,3440,3,50,0,20
108,v3,1900,6,20,1,20
108,v4,1880,9,50,1,40
108,v5,3080,0,50,0,30
108,v6,3150,3,20,0,20
108,v7,1920,6,20,1,20
108,v8,2070,9,50,1,20
108,v9,2890,0,50,0,40
108,v10,2960,3,30,0,20
108,v11,1990,6,50,1,40
108,v12,2100,9,10,1,40
108,v13,3090,0,10,0,40
108,v14,2880,3,10,0,20
108,v15,1940,6,10,1,40
108,v16,2170,9,50,1,30
108,v17,2680,0,30,0,20
108,v18,2630,3,20,0,20
108,v19,2160,6,50,1,20
108,v20,2450,9,40,1,20
109,v1,3240,0,50,0,40
109,v2,3490,3,10,0,20
109,v3,1880,6,40,1,20
109,v4,1830,9,50,1,40
109,v5,3130,0,30,0,30
109,v6,3170,3,30,0,20
109,v7,1900,6,40,1,20
109,v8,2020,9,20,1,20
109,v9,2940,0,40,0,40
109,v10,2990,3,30,0,20
109,v11,1940,6,40,1,40
109,v12,2090,9,10,1,40
109,v13,3100,0,10,0,40
109,v14,2890,3,20,0,20
109,v15,1930,6,40,1,40
109,v16,2120,9,40,1,30
109,v17,2710,0,40,0,20
109,v18,2650,3,40,0,20
109,v19,2110,6,20,1,20
109,v20,2410,9,30,1,20
110,v1,3290,0,50,0,40
110,v2,3500,3,20,0,20
110,v3,1840,6,30,1,20
110,v4,1780,9,30,1,40
110,v5,3160,0,30,0,30
110,v6,3200,3,40,0,20
110,v7,1860,6,20,1,20
110,v8,2000,9,30,1,20
110,v9,2980,0,50,0,40
110,v10,3020,3,50,0,20
110,v11,1900,6,10,1,40
110,v12,2080,9,30,1,40
110,v13,3110,0,20,0,40
110,v14,2910,3,40,0,20
110,v15,1890,6,10,1,40
110,v16,2080,9,30,1,30
110,v17,2750,0,40,0,20
110,v18,2690,3,20,0,20
110,v19,2090,6,20,1,20
110,v20,2380,9,10,1,20
111,v1,3340,0,10,0,40
111,v2,3520,3,30,0,20
111,v3,1810,6,40,1,20
111,v4,1750,9,50,1,40
111,v5,3190,0,40,0,30
111,v6,3240,3,20,0,20
111,v7,1840,6,20,1,20
111,v8,1970,9,30,1,20
111,v9,3030,0,50,0,40
111,v10,3070,3,30,0,20
111,v11,1890,6,20,1,40
111,v12,2050,9,20,1,40
111,v13,3130,0,40,0,40
111,v14,2950,3,50,0,20
111,v15,1880,6,40,1,40
111,v16,2050,9,40,1,30
111,v17,2790,0,30,0,20
111,v18,2710,3,40,0,20
111,v19,2070,6,10,1,20
111,v20,2370,9,10,1,20
112,v1,3350,0,40,0,40
112,v2,3550,3,50,0,20
112,v3,1770,6,40,1,20
112,v4,1700,9,20,1,40
112,v5,3230,0,20,0,30
112,v6,3260,3,50,0,20
112,v7,1820,6,30,1,20
112,v8,1940,9,10,1,20
112,v9,3080,0,10,0,40
112,v10,3100,3,30,0,20
112,v11,1870,6,40,1,40
112,v12,2030,9,50,1,40
112,v13,3170,0,40,0,40
112,v14,3000,3,30,0,20
112,v15,1840,6,50,1,40
112,v16,2010,9,10,1,30
112,v17,2820,0,10,0,20
112,v18,2750,3,40,0,20
112,v19,2060,6,20,1,20
112,v20,2360,9,30,1,20
113,v1,3390,0,30,0,40
113,v2,3600,3,40,0,20
113,v3,1730,6,30,1,20
113,v4,1680,9,10,1,40
113,v5,3250,0,40,0,30
113,v6,3310,3,10,0,20
113,v7,1790,6,50,1,20
113,v8,1930,9,50,1,20
113,v9,3090,0,20,0,40
113,v10,3130,3,30,0,20
113,v11,1830,6,50,1,40
113,v12,1980,9,30,1,40
113,v13,3210,0,10,0,40
113,v14,3030,3,40,0,20
113,v15,1790,6,50,1,40
113,v16,2000,9,40,1,30
113,v17,2830,0,50,0,20
113,v18,2790,3,30,0,20
113,v19,2040,6,50,1,20
113,v20,2330,9,50,1,20
114,v1,3420,0,10,0,40
114,v2,3640,3,20,0,20
114,v3,1700,6,10,1,20
114,v4,1670,9,40,1,40
114,v5,3290,0,30,0,30
114,v6,3320,3,30,0,20
114,v7,1740,6,50,1,20
114,v8,1880,9,30,1,20
114,v9,3110,0,20,0,40
114,v10,3160,3,20,0,20
114,v11,1780,6,50,1,40
114,v12,1950,9,50,1,40
114,v13,3220,0,40,0,40
114,v14,3070,3,50,0,20
114,v15,1740,6,10,1,40
114,v16,1960,9,10,1,30
114,v17,2880,0,10,0,20
114,v18,2820,3,20,0,20
114,v19,1990,6,30,1,20
114,v20,2280,9,40,1,20
115,v1,3430,0,50,0,40
115,v2,3660,3,40,0,20
115,v3,1690,6,20,1,20
115,v4,1630,9,50,1,40
115,v5,3320,0,50,0,30
115,v6,3350,3,20,0,20
115,v7,1690,6,30,1,20
115,v8,1850,9,50,1,20
115,v9,3130,0,30,0,40
115,v10,3180,3,20,0,20
115,v11,1730,6,40,1,40
115,v12,1900,9,50,1,40
115,v13,3260,0,30,0,40
115,v14,3120,3,50,0,20
115,v15,1730,6,30,1,40
115,v16,1950,9,50,1,30
115,v17,2890,0,50,0,20
115,v18,2840,3,50,0,20
115,v19,1960,6,40,1,20
115,v20,2240,9,50,1,20
116,v1,3480,0,30,0,40
116,v2,3700,3,40,0,20
116,v3,1670,6,10,1,20
116,v4,1580,9,30,1,40
116,v5,3370,0,30,0,30
116,v6,3370,3,10,0,20
116,v7,1660,6,40,1,20
116,v8,1800,9,50,1,20
116,v9,3160,0,30,0,40
116,v10,3200,3,10,0,20
116,v11,1690,6,50,1,40
116,v12,1850,9,40,1,40
116,v13,3290,0,30,0,40
116,v14,3170,3,50,0,20
116,v15,1700,6,50,1,40
116,v16,1900,9,20,1,30
116,v17,2940,0,10,0,20
116,v18,2890,3,50,0,20
116,v19,1920,6,40,1,20
116,v20,2190,9,20,1,20
117,v1,3510,0,50,0,40
117,v2,3740,3,50,0,20
117,v3,1660,6,40,1,20
117,v4,1550,9,20,1,40
117,v5,3400,0,20,0,30
117,v6,3380,3,10,0,20
117,v7,1620,6,50,1,20
117,v8,1750,9,10,1,20
117,v9,3190,0,20,0,40
117,v10,3210,3,10,0,20
117,v11,1640,6,40,1,40
117,v12,1810,9,30,1,40
117,v13,3320,0,40,0,40
117,v14,3220,3,20,0,20
117,v15,1650,6,40,1,40
117,v16,1880,9,20,1,30
117,v17,2950,0,40,0,20
117,v18,2940,3,50,0,20
117,v19,1880,6,50,1,20
117,v20,2170,9,40,1,20
118,v1,3560,0,10,0,40
118,v2,3790,3,20,0,20
118,v3,1620,6,50,1,20
118,v4,1530,9,20,1,40
118,v5,3420,0,50,0,30
118,v6,3390,3,30,0,20
118,v7,1570,6,40,1,20
118,v8,1740,9,50,1,20
118,v9,3210,0,40,0,40
118,v10,3220,3,30,0,20
118,v11,1600,6,20,1,40
118,v12,1780,9,40,1,40
118,v13,3360,0,50,0,40
118,v14,3240,3,30,0,20
118,v15,1610,6,50,1,40
118,v16,1860,9,30,1,30
118,v17,2990,0,30,0,20
118,v18,2990,3,50,0,20
118,v19,1830,6,40,1,20
118,v20,2130,9,20,1,20
119,v1,3570,0,20,0,40
119,v2,3810,3,30,0,20
119,v3,1570,6,50,1,20
119,v4,1510,9,30,1,40
119,v5,3470,0,20,0,30
119,v6,3420,3,30,0,20
119,v7,1530,6,30,1,20
119,v8,1690,9,20,1,20
119,v9,3250,0,40,0,40
119,v10,3250,3,30,0,20
119,v11,1580,6,40,1,40
119,v12,1740,9,30,1,40
119,v13,3410,0,50,0,40
119,v14,3270,3,30,0,20
119,v15,1560,6,30,1,40
119,v16,1830,9,10,1,30
119,v17,3020,0,50,0,20
119,v18,3040,3,50,0,20
119,v19,1790,6,40,1,20
119,v20,2110,9,40,1,20
120,v1,3590,0,30,0,40
120,v2,3840,3,20,0,20
120,v3,1520,6,30,1,20
120,v4,1480,9,10,1,40
120,v5,3490,0,30,0,30
120,v6,3450,3,10,0,20
120,v7,1500,6,30,1,20
120,v8,1670,9,40,1,20
120,v9,3290,0,30,0,40
120,v10,3280,3,40,0,20
120,v11,1540,6,20,1,40
120,v12,1710,9,20,1,40
120,v13,3460,0,50,0,40
120,v14,3300,3,30,0,20
120,v15,1530,6,50,1,40
120,v16,1820,9,30,1,30
120,v17,3070,0,20,0,20
120,v18,3090,3,10,0,20
120,v19,1750,6,50,1,20
120,v20,2070,9,50,1,20
121,v1,3620,0,20,0,40
121,v2,3860,3,20,0,20
121,v3,1490,6,10,1,20
121,v4,1470,9,50,1,40
121,v5,3520,0,20,0,30
121,v6,3460,3,20,0,20
121,v7,1470,6,10,1,20
121,v8,1630,9,10,1,20
121,v9,3320,0,40,0,40
121,v10,3320,3,30,0,20
121,v11,1520,6,40,1,40
121,v12,1690,9,10,1,40
121,v13,3510,0,20,0,40
121,v14,3330,3,10,0,20
121,v15,1480,6,50,1,40
121,v16,1790,9,20,1,30
121,v17,3090,0,40,0,20
121,v18,3100,3,40,0,20
121,v19,1700,6,40,1,20
121,v20,2020,9,20,1,20
122,v1,3640,0,30,0,40
122,v2,3880,3,30,0,20
122,v3,1480,6,30,1,20
122,v4,1420,9,10,1,40
122,v5,3540,0,10,0,30
122,v6,3480,3,50,0,20
122,v7,1460,6,20,1,20
122,v8,1620,9,50,1,20
122,v9,3360,0,10,0,40
122,v10,3350,3,20,0,20
122,v11,1480,6,40,1,40
122,v12,1680,9,20,1,40
122,v13,3530,0,10,0,40
122,v14,3340,3,40,0,20
122,v15,1430,6,40,1,40
122,v16,1770,9,20,1,30
122,v17,3130,0,30,0,20
122,v18,3140,3,10,0,20
122,v19,1660,6,10,1,20
122,v20,2000,9,30,1,20
123,v1,3670,0,50,0,40
123,v2,3910,3,50,0,20
123,v3,1450,6,10,1,20
123,v4,1410,9,30,1,40
123,v5,3550,0,30,0,30
123,v6,3530,3,40,0,20
123,v7,1440,6,50,1,20
123,v8,1570,9,50,1,20
123,v9,3370,0,40,0,40
123,v10,3370,3,20,0,20
123,v11,1440,6,50,1,40
123,v12,1660,9,40,1,40
123,v13,3540,0,30,0,40
123,v14,3380,3,20,0,20
123,v15,1390,6,10,1,40
123,v16,1750,9,30,1,30
123,v17,3160,0,20,0,20
123,v18,3150,3,40,0,20
123,v19,1650,6,30,1,20
123,v20,1970,9,20,1,20
124,v1,3720,0,10,0,40
124,v2,3960,3,30,0,20
124,v3,1440,6,30,1,20
124,v4,1380,9,50,1,40
124,v5,3580,0,20,0,30
124,v6,3570,3,20,0,20
124,v7,1390,6,50,1,20
124,v8,1520,9,40,1,20
124,v9,3410,0,40,0,40
124,v10,3390,3,50,0,20
124,v11,1390,6,30,1,40
124,v12,1620,9,10,1,40
124,v13,3570,0,40,0,40
124,v14,3400,3,10,0,20
124,v15,1380,6,20,1,40
124,v16,1720,9,20,1,30
124,v17,3180,0,40,0,20
124,v18,3190,3,30,0,20
124,v19,1620,6,20,1,20
124,v20,1950,9,10,1,20
125,v1,3730,0,30,0,40
125,v2,3990,3,40,0,20
125,v3,1410,6,20,1,20
125,v4,1330,9,40,1,40
125,v5,3600,0,30,0,30
125,v6,3590,3,30,0,20
125,v7,1340,6,30,1,20
125,v8,1480,9,50,1,20
125,v9,3450,0,50,0,40
125,v10,3440,3,10,0,20
125,v11,1360,6,30,1,40
125,v12,1610,9,30,1,40
125,v13,3610,0,20,0,40
125,v14,3410,3,10,0,20
125,v15,1360,6,10,1,40
125,v16,1700,9,40,1,30
125,v17,3220,0,30,0,20
125,v18,3220,3,20,0,20
125,v19,1600,6,40,1,20
125,v20,1940,9,50,1,20
126,v1,3760,0,30,0,40
126,v2,4030,3,10,0,20
126,v3,1390,6,30,1,20
126,v4,1290,9,30,1,40
126,v5,3630,0,50,0,30
126,v6,3620,3,20,0,20
126,v7,1310,6,20,1,20
126,v8,1430,9,20,1,20
126,v9,3500,0,40,0,40
126,v10,3450,3,20,0,20
126,v11,1330,6,40,1,40
126,v12,1580,9,50,1,40
126,v13,3630,0,30,0,40
126,v14,3420,3,40,0,20
126,v15,1350,6,50,1,40
126,v16,1660,9,40,1,30
126,v17,3250,0,50,0,20
126,v18,3240,3,20,0,20
126,v19,1560,6,20,1,20
126,v20,1890,9,50,1,20
127,v1,3790,0,10,0,40
127,v2,4040,3,50,0,20
127,v3,1360,6,40,1,20
127,v4,1260,9,50,1,40
127,v5,3680,0,30,0,30
127,v6,3640,3,10,0,20
127,v7,1290,6,50,1,20
127,v8,1410,9,10,1,20
127,v9,3540,0,10,0,40
127,v10,3470,3,50,0,20
127,v11,1290,6,50,1,40
127,v12,1530,9,20,1,40
127,v13,3660,0,50,0,40
127,v14,3460,3,50,0,20
127,v15,1300,6,20,1,40
127,v16,1620,9,20,1,30
127,v17,3300,0,30,0,20
127,v18,3260,3,50,0,20
127,v19,1540,6,40,1,20
127,v20,1840,9,10,1,20
128,v1,3800,0,20,0,40
128,v2,4090,3,50,0,20
128,v3,1320,6,40,1,20
128,v4,1210,9,10,1,40
128,v5,3710,0,50,0,30
128,v6,3650,3,40,0,20
128,v7,1240,6,10,1,20
128,v8,1400,9,40,1,20
128,v9,3550,0,20,0,40
128,v10,3520,3,50,0,20
128,v11,1240,6,40,1,40
128,v12,1510,9,40,1,40
128,v13,3710,0,50,0,40
128,v14,3510,3,10,0,20
128,v15,1280,6,50,1,40
128,v16,1600,9,40,1,30
128,v17,3330,0,30,0,20
128,v18,3310,3,10,0,20
128,v19,1500,6,40,1,20
128,v20,1830,9,30,1,20
129,v1,3820,0,10,0,40
129,v2,4140,3,20,0,20
129,v3,1280,6,50,1,20
129,v4,1200,9,10,1,40
129,v5,3760,0,10,0,30
129,v6,3690,3,40,0,20
129,v7,1230,6,30,1,20
129,v8,1360,9,10,1,20
129,v9,3570,0,50,0,40
129,v10,3570,3,10,0,20
129,v11,1200,6,10,1,40
129,v12,1470,9,40,1,40
129,v13,3760,0,10,0,40
129,v14,3520,3,30,0,20
129,v15,1230,6,40,1,40
129,v16,1560,9,20,1,30
129,v17,3360,0,20,0,20
129,v18,3320,3,40,0,20
129,v19,1460,6,30,1,20
129,v20,1800,9,40,1,20
130,v1,3830,0,40,0,40
130,v2,4160,3,40,0,20
130,v3,1230,6,40,1,20
130,v4,1190,9,10,1,40
130,v5,3770,0,50,0,30
130,v6,3730,3,20,0,20
130,v7,1200,6,30,1,20
130,v8,1350,9,10,1,20
130,v9,3620,0,20,0,40
130,v10,3580,3,50,0,20
130,v11,1190,6,40,1,40
130,v12,1430,9,50,1,40
130,v13,3770,0,20,0,40
130,v14,3550,3,20,0,20
130,v15,1190,6,10,1,40
130,v16,1540,9,10,1,30
130,v17,3380,0,30,0,20
130,v18,3360,3,40,0,20
130,v19,1430,6,50,1,20
130,v20,1760,9,40,1,20
131,v1,3870,0,50,0,40
131,v2,4200,3,40,0,20
131,v3,1190,6,20,1,20
131,v4,1180,9,20,1,40
131,v5,3820,0,40,0,30
131,v6,3750,3,30,0,20
131,v7,1170,6,20,1,20
131,v8,1340,9,30,1,20
131,v9,3640,0,20,0,40
131,v10,3630,3,10,0,20
131,v11,1150,6,10,1,40
131,v12,1380,9,40,1,40
131,v13,3790,0,50,0,40
131,v14,3570,3,10,0,20
131,v15,1180,6,20,1,40
131,v16,1530,9,20,1,30
131,v17,3410,0,10,0,20
131,v18,3400,3,10,0,20
131,v19,1380,6,50,1,20
131,v20,1720,9,10,1,20
132,v1,3920,0,40,0,40
132,v2,4240,3,50,0,20
132,v3,1170,6,10,1,20
132,v4,1160,9,20,1,40
132,v5,3860,0,10,0,30
132,v6,3780,3,40,0,20
132,v7,1150,6,40,1,20
132,v8,1310,9,20,1,20
132,v9,3660,0,50,0,40
132,v10,3640,3,20,0,20
132,v11,1140,6,10,1,40
132,v12,1340,9,20,1,40
132,v13,3840,0,50,0,40
132,v14,3580,3,30,0,20
132,v15,1160,6,20,1,40
132,v16,1510,9,50,1,30
132,v17,3420,0,30,0,20
132,v18,3410,3,50,0,20
132,v19,1330,6,50,1,20
132,v20,1710,9,30,1,20
133,v1,3960,0,20,0,40
133,v2,4290,3,30,0,20
133,v3,1160,6,20,1,20
133,v4,1140,9,50,1,40
133,v5,3870,0,20,0,30
133,v6,3820,3,40,0,20
133,v7,1110,6,30,1,20
133,v8,1290,9,30,1,20
133,v9,3710,0,10,0,40
133,v10,3660,3,50,0,20
133,v11,1130,6,50,1,40
133,v12,1320,9,20,1,40
133,v13,3890,0,40,0,40
133,v14,3610,3,50,0,20
133,v15,1140,6,40,1,40
133,v16,1460,9,10,1,30
133,v17,3450,0,30,0,20
133,v18,3460,3,40,0,20
133,v19,1280,6,50,1,20
133,v20,1680,9,30,1,20
134,v1,3980,0,40,0,40
134,v2,4320,3,40,0,20
134,v3,1140,6,20,1,20
134,v4,1090,9,30,1,40
134,v5,3890,0,40,0,30
134,v6,3860,3,20,0,20
134,v7,1080,6,50,1,20
134,v8,1260,9,40,1,20
134,v9,3720,0,20,0,40
134,v10,3710,3,20,0,20
134,v11,1080,6,30,1,40
134,v12,1300,9,20,1,40
134,v13,3930,0,40,0,40
134,v14,3660,3,10,0,20
134,v15,1100,6,50,1,40
134,v16,1450,9,40,1,30
134,v17,3480,0,40,0,20
134,v18,3500,3,50,0,20
134,v19,1230,6,50,1,20
134,v20,1650,9,20,1,20
135,v1,4020,0,40,0,40
135,v2,4360,3,20,0,20
135,v3,1120,6,30,1,20
135,v4,1060,9,20,1,40
135,v5,3930,0,30,0,30
135,v6,3880,3,10,0,20
135,v7,1030,6,40,1,20
135,v8,1220,9,30,1,20
135,v9,3740,0,10,0,40
135,v10,3730,3,50,0,20
135,v11,1050,6,20,1,40
135,v12,1280,9,10,1,40
135,v13,3970,0,30,0,40
135,v14,3670,3,40,0,20
135,v15,1050,6,50,1,40
135,v16,1410,9,50,1,30
135,v17,3520,0,10,0,20
135,v18,3550,3,10,0,20
135,v19,1180,6,20,1,20
135,v20,1630,9,50,1,20
136,v1,4060,0,50,0,40
136,v2,4380,3,20,0,20
136,v3,1090,6,40,1,20
136,v4,1040,9,20,1,40
136,v5,3960,0,30,0,30
136,v6,3890,3,30,0,20
136,v7,990,6,10,1,20
136,v8,1190,9,20,1,20
136,v9,3750,0,20,0,40
136,v10,3780,3,10,0,20
136,v11,1030,6,40,1,40
136,v12,1270,9,20,1,40
136,v13,4000,0,50,0,40
136,v14,3710,3,20,0,20
136,v15,1000,6,40,1,40
136,v16,1360,9,20,1,30
136,v17,3530,0,50,0,20
136,v18,3560,3,30,0,20
136,v19,1160,6,30,1,20
136,v20,1580,9,40,1,20
137,v1,4110,0,40,0,40
137,v2,4400,3,50,0,20
137,v3,1050,6,30,1,20
137,v4,1020,9,30,1,40
137,v5,3990,0,30,0,30
137,v6,3920,3,30,0,20
137,v7,980,6,50,1,20
137,v8,1170,9,40,1,20
137,v9,3770,0,40,0,40
137,v10,3790,3,10,0,20
137,v11,990,6,40,1,40
137,v12,1250,9,30,1,40
137,v13,4050,0,20,0,40
137,v14,3730,3,30,0,20
137,v15,960,6,30,1,40
137,v16,1340,9,40,1,30
137,v17,3580,0,10,0,20
137,v18,3590,3,50,0,20
137,v19,1130,6,20,1,20
137,v20,1540,9,20,1,20
138,v1,4150,0,10,0,40
138,v2,4450,3,30,0,20
138,v3,1020,6,50,1,20
138,v4,990,9,50,1,40
138,v5,4020,0,50,0,30
138,v6,3950,3,40,0,20
138,v7,930,6,30,1,20
138,v8,1130,9,20,1,20
138,v9,3810,0,20,0,40
138,v10,3800,3,30,0,20
138,v11,950,6,20,1,40
138,v12,1220,9,40,1,40
138,v13,4070,0,50,0,40
138,v14,3760,3,20,0,20
138,v15,930,6,40,1,40
138,v16,1300,9,50,1,30
138,v17,3590,0,30,0,20
138,v18,3640,3,30,0,20
138,v19,1110,6,40,1,20
138,v20,1520,9,40,1,20
139,v1,4160,0,40,0,40
139,v2,4480,3,20,0,20
139,v3,970,6,30,1,20
139,v4,940,9,20,1,40
139,v5,4070,0,20,0,30
139,v6,3990,3,50,0,20
139,v7,900,6,40,1,20
139,v8,1110,9,20,1,20
139,v9,3830,0,50,0,40
139,v10,3830,3,10,0,20
139,v11,930,6,50,1,40
139,v12,1180,9,10,1,40
139,v13,4120,0,10,0,40
139,v14,3780,3,10,0,20
139,v15,890,6,10,1,40
139,v16,1250,9,40,1,30
139,v17,3620,0,20,0,20
139,v18,3670,3,20,0,20
139,v19,1070,6,10,1,20
139,v20,1480,9,20,1,20
140,v1,4200,0,10,0,40
140,v2,4500,3,20,0,20
140,v3,940,6,50,1,20
140,v4,920,9,40,1,40
140,v5,4090,0,30,0,30
140,v6,4040,3,10,0,20
140,v7,860,6,50,1,20
140,v8,1090,9,50,1,20
140,v9,3880,0,40,0,40
140,v10,3840,3,40,0,20
140,v11,880,6,10,1,40
140,v12,1170,9,10,1,40
140,v13,4130,0,50,0,40
140,v14,3790,3,50,0,20
140,v15,880,6,40,1,40
140,v16,1210,9,10,1,30
140,v17,3640,0,10,0,20
140,v18,3690,3,50,0,20
140,v19,1060,6,30,1,20
140,v20,1460,9,50,1,20
141,v1,4210,0,30,0,40
141,v2,4520,3,10,0,20
141,v3,890,6,50,1,20
141,v4,880,9,40,1,40
141,v5,4120,0,20,0,30
141,v6,4050,3,10,0,20
141,v7,810,6,10,1,20
141,v8,1040,9,50,1,20
141,v9,3920,0,20,0,40
141,v10,3880,3,20,0,20
141,v11,870,6,20,1,40
141,v12,1160,9,50,1,40
141,v13,4180,0,50,0,40
141,v14,3840,3,30,0,20
141,v15,840,6,30,1,40
141,v16,1200,9,30,1,30
141,v17,3650,0,40,0,20
141,v18,3740,3,10,0,20
141,v19,1030,6,30,1,20
141,v20,1410,9,40,1,20
142,v1,4240,0,40,0,40
142,v2,4530,3,50,0,20
142,v3,840,6,20,1,20
142,v4,840,9,20,1,40
142,v5,4140,0,30,0,30
142,v6,4060,3,10,0,20
142,v7,800,6,10,1,20
142,v8,990,9,10,1,20
142,v9,3940,0,40,0,40
142,v10,3900,3,40,0,20
142,v11,850,6,40,1,40
142,v12,1110,9,50,1,40
142,v13,4230,0,40,0,40
142,v14,3870,3,10,0,20
142,v15,810,6,10,1,40
142,v16,1170,9,20,1,30
142,v17,3690,0,10,0,20
142,v18,3750,3,40,0,20
142,v19,1000,6,40,1,20
142,v20,1370,9,30,1,20
143,v1,4280,0,50,0,40
143,v2,4580,3,10,0,20
143,v3,820,6,50,1,20
143,v4,820,9,10,1,40
143,v5,4170,0,20,0,30
143,v6,4070,3,20,0,20
143,v7,790,6,50,1,20
143,v8,980,9,40,1,20
143,v9,3980,0,30,0,40
143,v10,3940,3,10,0,20
143,v11,810,6,10,1,40
143,v12,1060,9,30,1,40
143,v13,4270,0,50,0,40
143,v14,3880,3,50,0,20
143,v15,800,6,10,1,40
143,v16,1150,9,20,1,30
143,v17,3700,0,30,0,20
143,v18,3790,3,10,0,20
143,v19,960,6,20,1,20
143,v20,1340,9,50,1,20
144,v1,4330,0,20,0,40
144,v2,4590,3,40,0,20
144,v3,770,6,10,1,20
144,v4,810,9,30,1,40
144,v5,4190,0,20,0,30
144,v6,4090,3,50,0,20
144,v7,740,6,20,1,20
144,v8,940,9,50,1,20
144,v9,4010,0,40,0,40
144,v10,3950,3,50,0,20
144,v11,800,6,30,1,40
144,v12,1030,9,40,1,40
144,v13,4320,0,20,0,40
144,v14,3930,3,10,0,20
144,v15,790,6,50,1,40
144,v16,1130,9,30,1,30
144,v17,3730,0,10,0,20
144,v18,3800,3,10,0,20
144,v19,940,6,40,1,20
144,v20,1290,9,20,1,20
145,v1,4350,0,10,0,40
145,v2,4630,3,30,0,20
145,v3,760,6,50,1,20
145,v4,780,9,50,1,40
145,v5,4210,0,50,0,30
145,v6,4140,3,40,0,20
145,v7,720,6,30,1,20
145,v8,890,9,10,1,20
145,v9,4050,0,30,0,40
145,v10,4000,3,40,0,20
145,v11,770,6,40,1,40
145,v12,990,9,20,1,40
145,v13,4340,0,30,0,40
145,v14,3940,3,50,0,20
145,v15,740,6,40,1,40
145,v16,1100,9,40,1,30
145,v17,3740,0,20,0,20
145,v18,3810,3,50,0,20
145,v19,900,6,40,1,20
145,v20,1270,9,10,1,20
146,v1,4360,0,50,0,40
146,v2,4660,3,30,0,20
146,v3,710,6,20,1,20
146,v4,730,9,10,1,40
146,v5,4260,0,10,0,30
146,v6,4180,3,30,0,20
146,v7,690,6,20,1,20
146,v8,880,9,40,1,20
146,v9,4080,0,20,0,40
146,v10,4040,3,40,0,20
146,v11,730,6,30,1,40
146,v12,970,9,30,1,40
146,v13,4370,0,10,0,40
146,v14,3990,3,10,0,20
146,v15,700,6,10,1,40
146,v16,1060,9,30,1,30
146,v17,3760,0,40,0,20
146,v18,3860,3,30,0,20
146,v19,860,6,30,1,20
146,v20,1260,9,10,1,20
147,v1,4410,0,20,0,40
147,v2,4690,3,10,0,20
147,v3,690,6,20,1,20
147,v4,720,9,40,1,40
147,v5,4270,0,40,0,30
147,v6,4210,3,50,0,20
147,v7,670,6,50,1,20
147,v8,840,9,50,1,20
147,v9,4100,0,40,0,40
147,v10,4080,3,10,0,20
147,v11,700,6,10,1,40
147,v12,940,9,10,1,40
147,v13,4380,0,30,0,40
147,v14,4000,3,50,0,20
147,v15,690,6,10,1,40
147,v16,1030,9,50,1,30
147,v17,3800,0,50,0,20
147,v18,3890,3,30,0,20
147,v19,830,6,40,1,20
147,v20,1250,9,10,1,20
148,v1,4430,0,30,0,40
148,v2,4700,3,40,0,20
148,v3,670,6,40,1,20
148,v4,680,9,10,1,40
148,v5,4310,0,50,0,30
148,v6,4260,3,20,0,20
148,v7,620,6,50,1,20
148,v8,790,9,50,1,20
148,v9,4140,0,20,0,40
148,v10,4090,3,40,0,20
148,v11,690,6,20,1,40
148,v12,930,9,20,1,40
148,v13,4410,0,30,0,40
148,v14,4050,3,30,0,20
148,v15,680,6,30,1,40
148,v16,980,9,40,1,30
148,v17,3850,0,20,0,20
148,v18,3920,3,10,0,20
148,v19,790,6,20,1,20
148,v20,1240,9,40,1,20
149,v1,4460,0,30,0,40
149,v2,4740,3,40,0,20
149,v3,630,6,30,1,20
149,v4,670,9,40,1,40
149,v5,4360,0,10,0,30
149,v6,4280,3,30,0,20
149,v7,570,6,30,1,20
149,v8,740,9,20,1,20
149,v9,4160,0,40,0,40
149,v10,4130,3,50,0,20
149,v11,670,6,50,1,40
149,v12,910,9,20,1,40
149,v13,4440,0,40,0,40
149,v14,4080,3,10,0,20
149,v15,650,6,20,1,40
149,v16,940,9,30,1,30
149,v17,3870,0,10,0,20
149,v18,3930,3,40,0,20
149,v19,770,6,30,1,20
149,v20,1200,9,50,1,20
150,v1,4490,0,40,0,40
150,v2,4780,3,30,0,20
150,v3,600,6,40,1,20
150,v4,630,9,30,1,40
150,v5,4370,0,40,0,30
150,v6,4310,3,50,0,20
150,v7,540,6,20,1,20
150,v8,720,9,30,1,20
150,v9,4200,0,30,0,40
150,v10,4180,3,50,0,20
150,v11,620,6,20,1,40
150,v12,890,9,40,1,40
150,v13,4480,0,30,0,40
150,v14,4090,3,20,0,20
150,v15,630,6,40,1,40
150,v16,910,9,30,1,30
150,v17,3880,0,30,0,20
150,v18,3970,3,40,0,20
150,v19,740,6,50,1,20
150,v20,1150,9,20,1,20
151,v1,4530,0,30,0,40
151,v2,4810,3,40,0,20
151,v3,560,6,30,1,20
151,v4,600,9,40,1,40
151,v5,4410,0,30,0,30
151,v6,4360,3,10,0,20
151,v7,520,6,50,1,20
151,v8,690,9,20,1,20
151,v9,4230,0,50,0,40
151,v10,4230,3,50,0,20
151,v11,600,6,20,1,40
151,v12,850,9,50,1,40
151,v13,4510,0,10,0,40
151,v14,4110,3,40,0,20
151,v15,590,6,20,1,40
151,v16,880,9,40,1,30
151,v17,3910,0,30,0,20
151,v18,4010,3,10,0,20
151,v19,690,6,40,1,20
151,v20,1130,9,40,1,20
152,v1,4560,0,20,0,40
152,v2,4850,3,30,0,20
152,v3,530,6,20,1,20
152,v4,560,9,30,1,40
152,v5,4440,0,20,0,30
152,v6,4370,3,40,0,20
152,v7,470,6,40,1,20
152,v8,670,9,10,1,20
152,v9,4280,0,40,0,40
152,v10,4280,3,50,0,20
152,v11,580,6,40,1,40
152,v12,800,9,50,1,40
152,v13,4520,0,40,0,40
152,v14,4150,3,50,0,20
152,v15,570,6,50,1,40
152,v16,840,9,40,1,30
152,v17,3940,0,50,0,20
152,v18,4020,3,10,0,20
152,v19,650,6,30,1,20
152,v20,1090,9,50,1,20
153,v1,4580,0,50,0,40
153,v2,4880,3,10,0,20
153,v3,510,6,10,1,20
153,v4,530,9,20,1,40
153,v5,4460,0,30,0,30
153,v6,4410,3,20,0,20
153,v7,430,6,50,1,20
153,v8,660,9,10,1,20
153,v9,4320,0,50,0,40
153,v10,4330,3,40,0,20
153,v11,540,6,30,1,40
153,v12,750,9,40,1,40
153,v13,4560,0,10,0,40
153,v14,4200,3,10,0,20
153,v15,520,6,10,1,40
153,v16,800,9,30,1,30
153,v17,3990,0,20,0,20
153,v18,4030,3,50,0,20
153,v19,620,6,50,1,20
153,v20,1040,9,50,1,20
154,v1,4630,0,50,0,40
154,v2,4890,3,50,0,20
154,v3,500,6,20,1,20
154,v4,510,9,40,1,40
154,v5,4490,0,30,0,30
154,v6,4430,3,40,0,20
154,v7,380,6,40,1,20
154,v8,650,9,50,1,20
154,v9,4370,0,50,0,40
154,v10,4370,3,20,0,20
154,v11,510,6,30,1,40
154,v12,710,9,10,1,40
154,v13,4570,0,40,0,40
154,v14,4210,3,10,0,20
154,v15,510,6,30,1,40
154,v16,770,9,40,1,30
154,v17,4010,0,10,0,20
154,v18,4080,3,10,0,20
154,v19,570,6,20,1,20
154,v20,990,9,30,1,20
155,v1,4680,0,30,0,40
155,v2,4940,3,30,0,20
155,v3,480,6,40,1,20
155,v4,470,9,20,1,40
155,v5,4520,0,50,0,30
155,v6,4470,3,40,0,20
155,v7,340,6,30,1,20
155,v8,600,9,40,1,20
155,v9,4420,0,10,0,40
155,v10,4390,3,40,0,20
155,v11,480,6,40,1,40
155,v12,700,9,30,1,40
155,v13,4610,0,10,0,40
155,v14,4220,3,30,0,20
155,v15,480,6,10,1,40
155,v16,730,9,10,1,30
155,v17,4020,0,10,0,20
155,v18,4090,3,30,0,20
155,v19,550,6,10,1,20
155,v20,960,9,20,1,20
156,v1,4710,0,20,0,40
156,v2,4970,3,50,0,20
156,v3,440,6,20,1,20
156,v4,450,9,50,1,40
156,v5,4570,0,20,0,30
156,v6,4510,3,30,0,20
156,v7,310,6,50,1,20
156,v8,560,9,40,1,20
156,v9,4430,0,40,0,40
156,v10,4430,3,20,0,20
156,v11,440,6,40,1,40
156,v12,670,9,20,1,40
156,v13,4620,0,20,0,40
156,v14,4250,3,40,0,20
156,v15,470,6,40,1,40
156,v16,720,9,10,1,30
156,v17,4030,0,50,0,20
156,v18,4120,3,20,0,20
156,v19,540,6,40,1,20
156,v20,940,9,50,1,20
157,v1,4730,0,40,0,40
157,v2,5020,3,0,0,20
157,v3,420,6,40,1,20
157,v4,400,9,10,1,40
157,v5,4590,0,20,0,30
157,v6,4540,3,20,0,20
157,v7,260,6,30,1,20
157,v8,520,9,10,1,20
157,v9,4470,0,50,0,40
157,v10,4450,3,10,0,20
157,v11,400,6,50,1,40
157,v12,650,9,20,1,40
157,v13,4640,0,30,0,40
157,v14,4290,3,30,0,20
157,v15,430,6,20,1,40
157,v16,710,9,40,1,30
157,v17,4080,0,10,0,20
157,v18,4140,3,30,0,20
157,v19,500,6,40,1,20
157,v20,890,9,50,1,20
158,v1,4770,0,30,0,40
158,v2,5020,3,0,0,20
158,v3,380,6,50,1,20
158,v4,390,9,40,1,40
158,v5,4610,0,50,0,30
158,v6,4560,3,40,0,20
158,v7,230,6,50,1,20
158,v8,510,9,10,1,20
158,v9,4520,0,30,0,40
158,v10,4460,3,30,0,20
158,v11,350,6,40,1,40
158,v12,630,9,50,1,40
158,v13,4670,0,20,0,40
158,v14,4320,3,30,0,20
158,v15,410,6,50,1,40
158,v16,670,9,50,1,30
158,v17,4090,0,10,0,20
158,v18,4170,3,20,0,20
158,v19,460,6,30,1,20
158,v20,840,9,10,1,20
159,v1,4800,0,20,0,40
159,v2,5020,3,0,0,20
159,v3,330,6,30,1,20
159,v4,350,9,10,1,40
159,v5,4660,0,20,0,30
159,v6,4600,3,30,0,20
159,v7,180,6,20,1,20
159,v8,500,9,50,1,20
159,v9,4550,0,40,0,40
159,v10,4490,3,40,0,20
159,v11,310,6,50,1,40
159,v12,580,9,20,1,40
159,v13,4690,0,50,0,40
159,v14,4350,3,40,0,20
159,v15,360,6,40,1,40
159,v16,620,9,20,1,30
159,v17,4100,0,40,0,20
159,v18,4190,3,50,0,20
159,v19,430,6,20,1,20
159,v20,830,9,50,1,20
160,v1,4820,0,20,0,40
160,v2,5020,3,0,0,20
160,v3,300,6,40,1,20
160,v4,340,9,30,1,40
160,v5,4680,0,20,0,30
160,v6,4630,3,20,0,20
160,v7,160,6,30,1,20
160,v8,450,9,40,1,20
160,v9,4590,0,50,0,40
160,v10,4530,3,10,0,20
160,v11,260,6,30,1,40
160,v12,560,9,10,1,40
160,v13,4740,0,40,0,40
160,v14,4390,3,20,0,20
160,v15,320,6,20,1,40
160,v16,600,9,40,1,30
160,v17,4140,0,50,0,20
160,v18,4240,3,50,0,20
160,v19,410,6,40,1,20
160,v20,780,9,40,1,20
161,v1,4840,0,40,0,40
161,v2,5020,3,0,0,20
161,v3,260,6,40,1,20
161,v4,310,9,40,1,40
161,v5,4700,0,40,0,30
161,v6,4650,3,20,0,20
161,v7,130,6,10,1,20
161,v8,410,9,50,1,20
161,v9,4640,0,10,0,40
161,v10,4540,3,20,0,20
161,v11,230,6,30,1,40
161,v12,550,9,10,1,40
161,v13,4780,0,30,0,40
161,v14,4410,3,20,0,20
161,v15,300,6,50,1,40
161,v16,560,9,30,1,30
161,v17,4190,0,20,0,20
161,v18,4290,3,40,0,20
161,v19,370,6,50,1,20
161,v20,740,9,40,1,20
162,v1,4880,0,50,0,40
162,v2,5020,3,0,0,20
162,v3,220,6,50,1,20
162,v4,270,9,10,1,40
162,v5,4740,0,50,0,30
162,v6,4670,3,10,0,20
162,v7,120,6,30,1,20
162,v8,360,9,50,1,20
162,v9,4650,0,30,0,40
162,v10,4560,3,50,0,20
162,v11,200,6,10,1,40
162,v12,540,9,40,1,40
162,v13,4810,0,50,0,40
162,v14,4430,3,20,0,20
162,v15,250,6,40,1,40
162,v16,530,9,10,1,30
162,v17,4210,0,20,0,20
162,v18,4330,3,30,0,20
162,v19,320,6,10,1,20
162,v20,700,9,40,1,20
163,v1,4930,0,30,0,40
163,v2,5020,3,0,0,20
163,v3,170,6,30,1,20
163,v4,260,9,10,1,40
163,v5,4790,0,40,0,30
163,v6,4680,3,10,0,20
163,v7,90,6,20,1,20
163,v8,310,9,20,1,20
163,v9,4680,0,50,0,40
163,v10,4610,3,30,0,20
163,v11,190,6,50,1,40
163,v12,500,9,40,1,40
163,v13,4860,0,20,0,40
163,v14,4450,3,50,0,20
163,v15,210,6,20,1,40
163,v16,520,9,20,1,30
163,v17,4230,0,20,0,20
163,v18,4360,3,10,0,20
163,v19,310,6,50,1,20
163,v20,660,9,30,1,20
164,v1,4960,0,50,0,40
164,v2,5020,3,0,0,20
164,v3,140,6,30,1,20
164,v4,250,9,50,1,40
164,v5,4830,0,50,0,30
164,v6,4690,3,20,0,20
164,v7,70,6,30,1,20
164,v8,290,9,30,1,20
164,v9,4730,0,30,0,40
164,v10,4640,3,50,0,20
164,v11,140,6,30,1,40
164,v12,460,9,50,1,40
164,v13,4880,0,10,0,40
164,v14,4500,3,20,0,20
164,v15,190,6,40,1,40
164,v16,500,9,10,1,30
164,v17,4250,0,30,0,20
164,v18,4370,3,20,0,20
164,v19,260,6,20,1,20
164,v20,630,9,20,1,20
165,v1,5010,0,0,0,40
165,v2,5020,3,0,0,20
165,v3,110,6,20,1,20
165,v4,200,9,30,1,40
165,v5,4880,0,20,0,30
165,v6,4710,3,40,0,20
165,v7,40,6,40,1,20
165,v8,260,9,20,1,20
165,v9,4760,0,50,0,40
165,v10,4690,3,30,0,20
165,v11,110,6,40,1,40
165,v12,410,9,40,1,40
165,v13,4890,0,40,0,40
165,v14,4520,3,10,0,20
165,v15,150,6,10,1,40
165,v16,490,9,40,1,30
165,v17,4280,0,50,0,20
165,v18,4390,3,30,0,20
165,v19,240,6,30,1,20
165,v20,610,9,40,1,20
166,v1,5010,0,0,0,40
166,v2,5020,3,0,0,20
166,v3,90,6,40,1,20
166,v4,170,9,30,1,40
166,v5,4900,0,50,0,30
166,v6,4750,3,10,0,20
166,v7,0,6,0,1,20
166,v8,240,9,10,1,20
166,v9,4810,0,40,0,40
166,v10,4720,3,30,0,20
166,v11,70,6,10,1,40
166,v12,370,9,50,1,40
166,v13,4930,0,40,0,40
166,v14,4530,3,20,0,20
166,v15,140,6,40,1,40
166,v16,450,9,20,1,30
166,v17,4330,0,40,0,20
166,v18,4420,3,30,0,20
166,v19,210,6,30,1,20
166,v20,570,9,30,1,20
167,v1,5010,0,0,0,40
167,v2,5020,3,0,0,20
167,v3,50,6,30,1,20
167,v4,140,9,50,1,40
167,v5,4950,0,50,0,30
167,v6,4760,3,20,0,20
167,v7,0,6,0,1,20
167,v8,230,9,50,1,20
167,v9,4850,0,40,0,40
167,v10,4750,3,30,0,20
167,v11,60,6,10,1,40
167,v12,320,9,10,1,40
167,v13,4970,0,10,0,40
167,v14,4550,3,40,0,20
167,v15,100,6,10,1,40
167,v16,430,9,10,1,30
167,v17,4370,0,20,0,20
167,v18,4450,3,40,0,20
167,v19,180,6,40,1,20
167,v20,540,9,10,1,20
168,v1,5010,0,0,0,40
168,v2,5020,3,0,0,20
168,v3,20,6,40,1,20
168,v4,90,9,20,1,40
168,v5,5000,0,0,0,30
168,v6,4780,3,20,0,20
168,v7,0,6,0,1,20
168,v8,180,9,30,1,20
168,v9,4890,0,20,0,40
168,v10,4780,3,30,0,20
168,v11,50,6,10,1,40
168,v12,310,9,30,1,40
168,v13,4980,0,30,0,40
168,v14,4590,3,10,0,20
168,v15,90,6,30,1,40
168,v16,420,9,20,1,30
168,v17,4390,0,10,0,20
168,v18,4490,3,40,0,20
168,v19,140,6,30,1,20
168,v20,530,9,20,1,20
169,v1,5010,0,0,0,40
169,v2,5020,3,0,0,20
169,v3,-20,6,0,1,20
169,v4,70,9,40,1,40
169,v5,5000,0,0,0,30
169,v6,4800,3,10,0,20
169,v7,0,6,0,1,20
169,v8,150,9,10,1,20
169,v9,4910,0,10,0,40
169,v10,4810,3,20,0,20
169,v11,40,6,40,1,40
169,v12,280,9,10,1,40
169,v13,5010,0,0,0,40
169,v14,4600,3,20,0,20
169,v15,60,6,50,1,40
169,v16,400,9,20,1,30
169,v17,4400,0,50,0,20
169,v18,4530,3,40,0,20
169,v19,110,6,10,1,20
169,v20,510,9,10,1,20
170,v1,5010,0,0,0,40
170,v2,5020,3,0,0,20
170,v3,-20,6,0,1,20
170,v4,30,9,30,1,40
170,v5,5000,0,0,0,30
170,v6,4810,3,10,0,20
170,v7,0,6,0,1,20
170,v8,140,9,40,1,20
170,v9,4920,0,20,0,40
170,v10,4830,3,40,0,20
170,v11,0,6,0,1,40
170,v12,270,9,10,1,40
170,v13,5010,0,0,0,40
170,v14,4620,3,20,0,20
170,v15,10,6,40,1,40
170,v16,380,9,10,1,30
170,v17,4450,0,10,0,20
170,v18,4570,3,10,0,20
170,v19,100,6,30,1,20
170,v20,500,9,30,1,20
171,v1,5010,0,0,0,40
171,v2,5020,3,0,0,20
171,v3,-20,6,0,1,20
171,v4,0,9,0,1,40
171,v5,5000,0,0,0,30
171,v6,4820,3,30,0,20
171,v7,0,6,0,1,20
171,v8,100,9,20,1,20
171,v9,4940,0,40,0,40
171,v10,4870,3,20,0,20
171,v11,0,6,0,1,40
171,v12,260,9,20,1,40
171,v13,5010,0,0,0,40
171,v14,4640,3,10,0,20
171,v15,-30,6,0,1,40
171,v16,370,9,50,1,30
171,v17,4460,0,50,0,20
171,v18,4580,3,10,0,20
171,v19,70,6,50,1,20
171,v20,470,9,20,1,20
172,v1,5010,0,0,0,40
172,v2,5020,3,0,0,20
172,v3,-20,6,0,1,20
172,v4,0,9,0,1,40
172,v5,5000,0,0,0,30
172,v6,4850,3,40,0,20
172,v7,0,6,0,1,20
172,v8,80,9,30,1,20
172,v9,4980,0,20,0,40
172,v10,4890,3,20,0,20
172,v11,0,6,0,1,40
172,v12,240,9,40,1,40
172,v13,5010,0,0,0,40
172,v14,4650,3,50,0,20
172,v15,-30,6,0,1,40
172,v16,320,9,40,1,30
172,v17,4510,0,20,0,20
172,v18,4590,3,10,0,20
172,v19,20,6,10,1,20
172,v20,450,9,20,1,20
173,v1,5010,0,0,0,40
173,v2,5020,3,0,0,20
173,v3,-20,6,0,1,20
173,v4,0,9,0,1,40
173,v5,5000,0,0,0,30
173,v6,4890,3,10,0,20
173,v7,0,6,0,1,20
173,v8,50,9,50,1,20
173,v9,5000,0,0,0,40
173,v10,4910,3,40,0,20
173,v11,0,6,0,1,40
173,v12,200,9,30,1,40
173,v13,5010,0,0,0,40
173,v14,4700,3,40,0,20
173,v15,-30,6,0,1,40
173,v16,280,9,30,1,30
173,v17,4530,0,20,0,20
173,v18,4600,3,20,0,20
173,v19,10,6,30,1,20
173,v20,430,9,10,1,20
174,v1,5010,0,0,0,40
174,v2,5020,3,0,0,20
174,v3,-20,6,0,1,20
174,v4,0,9,0,1,40
174,v5,5000,0,0,0,30
174,v6,4900,3,20,0,20
174,v7,0,6,0,1,20
174,v8,0,9,0,1,20
174,v9,5000,0,0,0,40
174,v10,4950,3,50,0,20
174,v11,0,6,0,1,40
174,v12,170,9,50,1,40
174,v13,5010,0,0,0,40
174,v14,4740,3,50,0,20
174,v15,-30,6,0,1,40
174,v16,250,9,50,1,30
174,v17,4550,0,30,0,20
174,v18,4620,3,10,0,20
174,v19,-20,6,0,1,20
174,v20,420,9,30,1,20
175,v1,5010,0,0,0,40
175,v2,5020,3,0,0,20
175,v3,-20,6,0,1,20
175,v4,0,9,0,1,40
175,v5,5000,0,0,0,30
175,v6,4920,3,20,0,20
175,v7,0,6,0,1,20
175,v8,0,9,0,1,20
175,v9,5000,0,0,0,40
175,v10,5000,3,0,0,20
175,v11,0,6,0,1,40
175,v12,120,9,50,1,40
175,v13,5010,0,0,0,40
175,v14,4790,3,50,0,20
175,v15,-30,6,0,1,40
175,v16,200,9,50,1,30
175,v17,4580,0,20,0,20
175,v18,4630,3,40,0,20
175,v19,-20,6,0,1,20
175,v20,390,9,30,1,20
176,v1,5010,0,0,0,40
176,v2,5020,3,0,0,20
176,v3,-20,6,0,1,20
176,v4,0,9,0,1,40
176,v5,5000,0,0,0,30
176,v6,4940,3,10,0,20
176,v7,0,6,0,1,20
176,v8,0,9,0,1,20
176,v9,5000,0,0,0,40
176,v10,5000,3,0,0,20
176,v11,0,6,0,1,40
176,v12,70,9,20,1,40
176,v13,5010,0,0,0,40
176,v14,4840,3,40,0,20
176,v15,-30,6,0,1,40
176,v16,150,9,40,1,30
176,v17,4600,0,10,0,20
176,v18,4670,3,20,0,20
176,v19,-20,6,0,1,20
176,v20,360,9,40,1,20
177,v1,5010,0,0,0,40
177,v2,5020,3,0,0,20
177,v3,-20,6,0,1,20
177,v4,0,9,0,1,40
177,v5,5000,0,0,0,30
177,v6,4950,3,50,0,20
177,v7,0,6,0,1,20
177,v8,0,9,0,1,20
177,v9,5000,0,0,0,40
177,v10,5000,3,0,0,20
177,v11,0,6,0,1,40
177,v12,50,9,10,1,40
177,v13,5010,0,0,0,40
177,v14,4880,3,50,0,20
177,v15,-30,6,0,1,40
177,v16,110,9,10,1,30
177,v17,4610,0,30,0,20
177,v18,4690,3,30,0,20
177,v19,-20,6,0,1,20
177,v20,320,9,20,1,20
178,v1,5010,0,0,0,40
178,v2,5020,3,0,0,20
178,v3,-20,6,0,1,20
178,v4,0,9,0,1,40
178,v5,5000,0,0,0,30
178,v6,5000,3,0,0,20
178,v7,0,6,0,1,20
178,v8,0,9,0,1,20
178,v9,5000,0,0,0,40
178,v10,5000,3,0,0,20
178,v11,0,6,0,1,40
178,v12,40,9,40,1,40
178,v13,5010,0,0,0,40
178,v14,4930,3,50,0,20
178,v15,-30,6,0,1,40
178,v16,100,9,40,1,30
178,v17,4640,0,30,0,20
178,v18,4720,3,50,0,20
178,v19,-20,6,0,1,20
178,v20,300,9,20,1,20
179,v1,5010,0,0,0,40
179,v2,5020,3,0,0,20
179,v3,-20,6,0,1,20
179,v4,0,9,0,1,40
179,v5,5000,0,0,0,30
179,v6,5000,3,0,0,20
179,v7,0,6,0,1,20
179,v8,0,9,0,1,20
179,v9,5000,0,0,0,40
179,v10,5000,3,0,0,20
179,v11,0,6,0,1,40
179,v12,0,9,0,1,40
179,v13,5010,0,0,0,40
179,v14,4980,3,40,0,20
179,v15,-30,6,0,1,40
179,v16,60,9,10,1,30
179,v17,4670,0,10,0,20
179,v18,4770,3,50,0,20
179,v19,-20,6,0,1,20
179,v20,280,9,10,1,20
180,v1,5010,0,0,0,40
180,v2,5020,3,0,0,20
180,v3,-20,6,0,1,20
180,v4,0,9,0,1,40
180,v5,5000,0,0,0,30
180,v6,5000,3,0,0,20
180,v7,0,6,0,1,20
180,v8,0,9,0,1,20
180,v9,5000,0,0,0,40
180,v10,5000,3,0,0,20
180,v11,0,6,0,1,40
180,v12,0,9,0,1,40
180,v13,5010,0,0,0,40
180,v14,5020,3,0,0,20
180,v15,-30,6,0,1,40
180,v16,50,9,10,1,30
180,v17,4680,0,30,0,20
180,v18,4820,3,20,0,20
180,v19,-20,6,0,1,20
180,v20,270,9,10,1,20
181,v1,5010,0,0,0,40
181,v2,5020,3,0,0,20
181,v3,-20,6,0,1,20
181,v4,0,9,0,1,40
181,v5,5000,0,0,0,30
181,v6,5000,3,0,0,20
181,v7,0,6,0,1,20
181,v8,0,9,0,1,20
181,v9,5000,0,0,0,40
181,v10,5000,3,0,0,20
181,v11,0,6,0,1,40
181,v12,0,9,0,1,40
181,v13,5010,0,0,0,40
181,v14,5020,3,0,0,20
181,v15,-30,6,0,1,40
181,v16,40,9,10,1,30
181,v17,4710,0,40,0,20
181,v18,4840,3,50,0,20
181,v19,-20,6,0,1,20
181,v20,260,9,30,1,20
182,v1,5010,0,0,0,40
182,v2,5020,3,0,0,20
182,v3,-20,6,0,1,20
182,v4,0,9,0,1,40
182,v5,5000,0,0,0,30
182,v6,5000,3,0,0,20
182,v7,0,6,0,1,20
182,v8,0,9,0,1,20
182,v9,5000,0,0,0,40
182,v10,5000,3,0,0,20
182,v11,0,6,0,1,40
182,v12,0,9,0,1,40
182,v13,5010,0,0,0,40
182,v14,5020,3,0,0,20
182,v15,-30,6,0,1,40
182,v16,30,9,50,1,30
182,v17,4750,0,40,0,20
182,v18,4890,3,40,0,20
182,v19,-20,6,0,1,20
182,v20,230,9,40,1,20
183,v1,5010,0,0,0,40
183,v2,5020,3,0,0,20
183,v3,-20,6,0,1,20
183,v4,0,9,0,1,40
183,v5,5000,0,0,0,30
183,v6,5000,3,0,0,20
183,v7,0,6,0,1,20
183,v8,0,9,0,1,20
183,v9,5000,0,0,0,40
183,v10,5000,3,0,0,20
183,v11,0,6,0,1,40
183,v12,0,9,0,1,40
183,v13,5010,0,0,0,40
183,v14,5020,3,0,0,20
183,v15,-30,6,0,1,40
183,v16,-20,9,0,1,30
183,v17,4790,0,10,0,20
183,v18,4930,3,50,0,20
183,v19,-20,6,0,1,20
183,v20,190,9,50,1,20
184,v1,5010,0,0,0,40
184,v2,5020,3,0,0,20
184,v3,-20,6,0,1,20
184,v4,0,9,0,1,40
184,v5,5000,0,0,0,30
184,v6,5000,3,0,0,20
184,v7,0,6,0,1,20
184,v8,0,9,0,1,20
184,v9,5000,0,0,0,40
184,v10,5000,3,0,0,20
184,v11,0,6,0,1,40
184,v12,0,9,0,1,40
184,v13,5010,0,0,0,40
184,v14,5020,3,0,0,20
184,v15,-30,6,0,1,40
184,v16,-20,9,0,1,30
184,v17,4800,0,50,0,20
184,v18,4980,3,20,0,20
184,v19,-20,6,0,1,20
184,v20,140,9,30,1,20
185,v1,5010,0,0,0,40
185,v2,5020,3,0,0,20
185,v3,-20,6,0,1,20
185,v4,0,9,0,1,40
185,v5,5000,0,0,0,30
185,v6,5000,3,0,0,20
185,v7,0,6,0,1,20
185,v8,0,9,0,1,20
185,v9,5000,0,0,0,40
185,v10,5000,3,0,0,20
185,v11,0,6,0,1,40
185,v12,0,9,0,1,40
185,v13,5010,0,0,0,40
185,v14,5020,3,0,0,20
185,v15,-30,6,0,1,40
185,v16,-20,9,0,1,30
185,v17,4850,0,10,0,20
185,v18,5000,3,0,0,20
185,v19,-20,6,0,1,20
185,v20,110,9,30,1,20
186,v1,5010,0,0,0,40
186,v2,5020,3,0,0,20
186,v3,-20,6,0,1,20
186,v4,0,9,0,1,40
186,v5,5000,0,0,0,30
186,v6,5000,3,0,0,20
186,v7,0,6,0,1,20
186,v8,0,9,0,1,20
186,v9,5000,0,0,0,40
186,v10,5000,3,0,0,20
186,v11,0,6,0,1,40
186,v12,0,9,0,1,40
186,v13,5010,0,0,0,40
186,v14,5020,3,0,0,20
186,v15,-30,6,0,1,40
186,v16,-20,9,0,1,30
186,v17,4860,0,10,0,20
186,v18,5000,3,0,0,20
186,v19,-20,6,0,1,20
186,v20,80,9,50,1,20
187,v1,5010,0,0,0,40
187,v2,5020,3,0,0,20
187,v3,-20,6,0,1,20
187,v4,0,9,0,1,40
187,v5,5000,0,0,0,30
187,v6,5000,3,0,0,20
187,v7,0,6,0,1,20
187,v8,0,9,0,1,20
187,v9,5000,0,0,0,40
187,v10,5000,3,0,0,20
187,v11,0,6,0,1,40
187,v12,0,9,0,1,40
187,v13,5010,0,0,0,40
187,v14,5020,3,0,0,20
187,v15,-30,6,0,1,40
187,v16,-20,9,0,1,30
187,v17,4870,0,20,0,20
187,v18,5000,3,0,0,20
187,v19,-20,6,0,1,20
187,v20,30,9,20,1,20
188,v1,5010,0,0,0,40
188,v2,5020,3,0,0,20
188,v3,-20,6,0,1,20
188,v4,0,9,0,1,40
188,v5,5000,0,0,0,30
188,v6,5000,3,0,0,20
188,v7,0,6,0,1,20
188,v8,0,9,0,1,20
188,v9,5000,0,0,0,40
188,v10,5000,3,0,0,20
188,v11,0,6,0,1,40
188,v12,0,9,0,1,40
188,v13,5010,0,0,0,40
188,v14,5020,3,0,0,20
188,v15,-30,6,0,1,40
188,v16,-20,9,0,1,30
188,v17,4890,0,50,0,20
188,v18,5000,3,0,0,20
188,v19,-20,6,0,1,20
188,v20,10,9,30,1,20
189,v1,5010,0,0,0,40
189,v2,5020,3,0,0,20
189,v3,-20,6,0,1,20
189,v4,0,9,0,1,40
189,v5,5000,0,0,0,30
189,v6,5000,3,0,0,20
189,v7,0,6,0,1,20
189,v8,0,9,0,1,20
189,v9,5000,0,0,0,40
189,v10,5000,3,0,0,20
189,v11,0,6,0,1,40
189,v12,0,9,0,1,40
189,v13,5010,0,0,0,40
189,v14,5020,3,0,0,20
189,v15,-30,6,0,1,40
189,v16,-20,9,0,1,30
189,v17,4940,0,40,0,20
189,v18,5000,3,0,0,20
189,v19,-20,6,0,1,20
189,v20,-20,9,0,1,20
190,v1,5010,0,0,0,40
190,v2,5020,3,0,0,20
190,v3,-20,6,0,1,20
190,v4,0,9,0,1,40
190,v5,5000,0,0,0,30
190,v6,5000,3,0,0,20
190,v7,0,6,0,1,20
190,v8,0,9,0,1,20
190,v9,5000,0,0,0,40
190,v10,5000,3,0,0,20
190,v11,0,6,0,1,40
190,v12,0,9,0,1,40
190,v13,5010,0,0,0,40
190,v14,5020,3,0,0,20
190,v15,-30,6,0,1,40
190,v16,-20,9,0,1,30
190,v17,4980,0,50,0,20
190,v18,5000,3,0,0,20
190,v19,-20,6,0,1,20
190,v20,-20,9,0,1,20
